id,name,voltage,trafo_count,capacity_mva,province,system,osm_id,osm_name,lat,lon,match_score,match_source,review_flag,source_id,source_table
GI-JMB-0001,Abadi Guna Papan,150/20,3,180.0,DKI Jakarta,Jamali,way/1314667254,Gardu Induk Abadi Guna Papan,-6.2274004,106.8233257,1.0,osm_fuzzy,,RUPTL-2025-2034,Tabel B1.4
GI-JMB-0002,Ancol,150/20,3,180.0,DKI Jakarta,Jamali,way/489926384,Gardu Induk Ancol,-6.1255225,106.8253256,1.0,osm_fuzzy,,RUPTL-2025-2034,Tabel B1.4
GI-JMB-0003,Angke,150/20,4,240.0,DKI Jakarta,Jamali,way/662591947,Gardu Induk Angke,-6.1345678,106.7914715,1.0,osm_fuzzy,,RUPTL-2025-2034,Tabel B1.4
GI-JMB-0004,Antasari,150/20,3,180.0,DKI Jakarta,Jamali,way/966209518,Gardu Induk Antasari,-6.2728158,106.813558,1.0,osm_fuzzy,,RUPTL-2025-2034,Tabel B1.4
GI-JMB-0005,Bintaro,150/20,3,180.0,DKI Jakarta,Jamali,way/662591950,Gardu Induk Bintaro,-6.2726672,106.7402914,1.0,osm_fuzzy,,RUPTL-2025-2034,Tabel B1.4
GI-JMB-0006,Bintaro 2/ Pondok Aren,150/20,3,180.0,DKI Jakarta,Jamali,way/662591950,Gardu Induk Bintaro,-6.2726672,106.7402914,0.92,osm_fuzzy,,RUPTL-2025-2034,Tabel B1.4
GI-JMB-0007,Budi Kemuliaan,150/20,3,180.0,DKI Jakarta,Jamali,way/966209484,Gardu Induk Budi Kemuliaan,-6.1800674,106.819882,1.0,osm_fuzzy,,RUPTL-2025-2034,Tabel B1.4
GI-JMB-0008,Cawang,150/20,4,240.0,DKI Jakarta,Jamali,way/120161362,Gardu Induk Cawang Lama,-6.2615412,106.8682234,0.95,osm_fuzzy,,RUPTL-2025-2034,Tabel B1.4
GI-JMB-0009,Cawang,500/150,3,1500.0,DKI Jakarta,Jamali,way/120161362,Gardu Induk Cawang Lama,-6.2615412,106.8682234,0.95,osm_fuzzy,,RUPTL-2025-2034,Tabel B1.4
GI-JMB-0010,Cawang Baru,150/20,1,60.0,DKI Jakarta,Jamali,,,,,0.78,,UNMATCHED,RUPTL-2025-2034,Tabel B1.4
GI-JMB-0011,Cengkareng,150/20,5,300.0,DKI Jakarta,Jamali,way/966209538,Gardu Induk Cengkareng,-6.1503268,106.6590982,1.0,osm_fuzzy,,RUPTL-2025-2034,Tabel B1.4
GI-JMB-0012,Cipinang,150/20,3,180.0,DKI Jakarta,Jamali,way/479990457,Gardu Induk Cipinang,-6.2323721,106.8813206,1.0,osm_fuzzy,,RUPTL-2025-2034,Tabel B1.4
GI-JMB-0013,Cipinang 2 / Rawamangun,150/20,2,120.0,DKI Jakarta,Jamali,way/479990457,Gardu Induk Cipinang,-6.2323721,106.8813206,0.92,osm_fuzzy,,RUPTL-2025-2034,Tabel B1.4
GI-JMB-0014,CSW,150/20,2,120.0,DKI Jakarta,Jamali,way/122219250,Gardu Induk CSW,-6.2391527,106.798073,1.0,osm_fuzzy,,RUPTL-2025-2034,Tabel B1.4
GI-JMB-0015,Daan Mogot,150/20,3,180.0,DKI Jakarta,Jamali,way/1316486775,GIS Daan Mogot,-6.1507098,106.7390172,1.0,osm_fuzzy,,RUPTL-2025-2034,Tabel B1.4
GI-JMB-0016,Danayasa,150/20,3,180.0,DKI Jakarta,Jamali,way/966209472,GIS Danayasa,-6.2268927,106.8051157,1.0,osm_fuzzy,,RUPTL-2025-2034,Tabel B1.4
GI-JMB-0017,Dukuh Atas,150/20,3,180.0,DKI Jakarta,Jamali,way/966209520,GIS Dukuh Atas,-6.2069904,106.8330596,1.0,osm_fuzzy,,RUPTL-2025-2034,Tabel B1.4
GI-JMB-0018,Duren Tiga,150/20,3,180.0,DKI Jakarta,Jamali,way/966209481,Gardu Induk Duren Tiga,-6.2584956,106.8345616,1.0,osm_fuzzy,,RUPTL-2025-2034,Tabel B1.4
GI-JMB-0019,Duri Kosambi,150/20,5,300.0,DKI Jakarta,Jamali,way/662591948,Gardu Induk Duri Kosambi,-6.1713414,106.7252754,1.0,osm_fuzzy,,RUPTL-2025-2034,Tabel B1.4
GI-JMB-0020,Gambir Baru,150/20,4,240.0,DKI Jakarta,Jamali,way/153750857,Gardu Induk Gambir Baru,-6.1636738,106.879367,1.0,osm_fuzzy,,RUPTL-2025-2034,Tabel B1.4
GI-JMB-0021,Gambir Lama,150/20,3,180.0,DKI Jakarta,Jamali,way/966209528,Gardu Induk Gambir Lama,-6.1797236,106.8351504,1.0,osm_fuzzy,,RUPTL-2025-2034,Tabel B1.4
GI-JMB-0022,Gandaria,150/20,2,120.0,DKI Jakarta,Jamali,way/499237739,Gardu Induk Gandaria,-6.3548564,106.8796368,1.0,osm_fuzzy,,RUPTL-2025-2034,Tabel B1.4
GI-JMB-0023,Gandaria 2 / Ciracas,150/20,2,120.0,DKI Jakarta,Jamali,way/499237739,Gardu Induk Gandaria,-6.3548564,106.8796368,0.92,osm_fuzzy,,RUPTL-2025-2034,Tabel B1.4
GI-JMB-0024,Gandul,150/20,4,240.0,DKI Jakarta,Jamali,way/161960933,GITET Gandul,-6.3470048,106.7878201,1.0,osm_fuzzy,,RUPTL-2025-2034,Tabel B1.4
GI-JMB-0025,Gandul,500/150,4,2000.0,DKI Jakarta,Jamali,way/161960933,GITET Gandul,-6.3470048,106.7878201,1.0,osm_fuzzy,,RUPTL-2025-2034,Tabel B1.4
GI-JMB-0026,Gedung Pola,150/20,3,180.0,DKI Jakarta,Jamali,way/966209485,Gardu Induk Gedung Pola,-6.2040703,106.844685,1.0,osm_fuzzy,,RUPTL-2025-2034,Tabel B1.4
GI-JMB-0027,Grogol,150/20,3,180.0,DKI Jakarta,Jamali,way/515218162,GIS Grogol,-6.166421,106.7837219,1.0,osm_fuzzy,,RUPTL-2025-2034,Tabel B1.4
GI-JMB-0028,Grogol 2,150/20,2,120.0,DKI Jakarta,Jamali,way/515218162,GIS Grogol,-6.166421,106.7837219,0.92,osm_fuzzy,,RUPTL-2025-2034,Tabel B1.4
GI-JMB-0029,Gunung Sahari,150/20,2,120.0,DKI Jakarta,Jamali,way/1218554843,GIS Gunung Sahari,-6.1313427,106.8317157,1.0,osm_fuzzy,,RUPTL-2025-2034,Tabel B1.4
GI-JMB-0030,Harapan Indah,150/20,3,180.0,DKI Jakarta,Jamali,way/966209486,Gardu Induk Harapan Indah,-6.1588649,106.9888946,1.0,osm_fuzzy,,RUPTL-2025-2034,Tabel B1.4
GI-JMB-0031,Jatirangon,150/20,5,300.0,DKI Jakarta,Jamali,way/153303534,Gardu Induk Jatirangon,-6.3272471,106.9229194,1.0,osm_fuzzy,,RUPTL-2025-2034,Tabel B1.4
GI-JMB-0032,Jatirangon 2 / Cibubur,150/20,3,180.0,DKI Jakarta,Jamali,way/153303534,Gardu Induk Jatirangon,-6.3272471,106.9229194,0.92,osm_fuzzy,,RUPTL-2025-2034,Tabel B1.4
GI-JMB-0033,Jatiwaringin,150/20,2,120.0,DKI Jakarta,Jamali,way/1314372465,Gardu Induk Jatiwaringin,-6.2757146,106.962322,1.0,osm_fuzzy,,RUPTL-2025-2034,Tabel B1.4
GI-JMB-0034,JGC,150/20,3,180.0,DKI Jakarta,Jamali,,,,,0.5,,UNMATCHED,RUPTL-2025-2034,Tabel B1.4
GI-JMB-0035,Kandang Sapi,150/20,3,180.0,DKI Jakarta,Jamali,way/159940153,GIS Kandang Sapi,-6.1337705,106.9330633,1.0,osm_fuzzy,,RUPTL-2025-2034,Tabel B1.4
GI-JMB-0036,Karet Baru,150/20,3,180.0,DKI Jakarta,Jamali,,,,,0.7,,UNMATCHED,RUPTL-2025-2034,Tabel B1.4
GI-JMB-0037,Karet Lama,150/20,3,180.0,DKI Jakarta,Jamali,way/492962071,Gardu Induk Karet Lama,-6.1987615,106.8121417,1.0,osm_fuzzy,,RUPTL-2025-2034,Tabel B1.4
GI-JMB-0038,Kebon Jeruk,150/20,3,180.0,DKI Jakarta,Jamali,way/966209480,Gardu Induk Kebon Jeruk,-6.1905113,106.781875,1.0,osm_fuzzy,,RUPTL-2025-2034,Tabel B1.4
GI-JMB-0039,Kebon Sirih,150/20,2,120.0,DKI Jakarta,Jamali,way/485252677,Gardu Induk Kebon Sirih,-6.1863877,106.8301185,1.0,osm_fuzzy,,RUPTL-2025-2034,Tabel B1.4
GI-JMB-0040,Kebon Sirih 2 /Cempaka Putih,150/20,2,120.0,DKI Jakarta,Jamali,way/485252677,Gardu Induk Kebon Sirih,-6.1863877,106.8301185,0.92,osm_fuzzy,,RUPTL-2025-2034,Tabel B1.4
GI-JMB-0041,Kelapa Gading,150/20,3,180.0,DKI Jakarta,Jamali,way/966209474,GIS Kelapa Gading,-6.1473745,106.9149897,1.0,osm_fuzzy,,RUPTL-2025-2034,Tabel B1.4
GI-JMB-0042,Kemang,150/20,3,180.0,DKI Jakarta,Jamali,way/966209517,Gardu Induk Kemang,-6.2792339,106.828182,1.0,osm_fuzzy,,RUPTL-2025-2034,Tabel B1.4
GI-JMB-0043,Kemayoran,150/20,4,240.0,DKI Jakarta,Jamali,way/527014122,Gardu Induk Kemayoran,-6.1404262,106.8519107,1.0,osm_fuzzy,,RUPTL-2025-2034,Tabel B1.4
GI-JMB-0044,Kemayoran 2 / Pademangan,150/20,1,60.0,DKI Jakarta,Jamali,way/527014122,Gardu Induk Kemayoran,-6.1404262,106.8519107,0.92,osm_fuzzy,,RUPTL-2025-2034,Tabel B1.4
GI-JMB-0045,Kembangan,150/20,3,180.0,DKI Jakarta,Jamali,way/492898957,GIS Kembangan,-6.1879533,106.720324,1.0,osm_fuzzy,,RUPTL-2025-2034,Tabel B1.4
GI-JMB-0046,Kembangan,500/150,2,1000.0,DKI Jakarta,Jamali,way/492898957,GIS Kembangan,-6.1879533,106.720324,1.0,osm_fuzzy,,RUPTL-2025-2034,Tabel B1.4
GI-JMB-0047,Ketapang,150/20,3,180.0,DKI Jakarta,Jamali,,,,,0.71,,UNMATCHED,RUPTL-2025-2034,Tabel B1.4
GI-JMB-0048,Mampang Baru,150/20,3,180.0,DKI Jakarta,Jamali,way/966209482,Gardu Induk Mampang Baru,-6.2355494,106.8217717,1.0,osm_fuzzy,,RUPTL-2025-2034,Tabel B1.4
GI-JMB-0049,Mampang Dua,150/20,1,60.0,DKI Jakarta,Jamali,,,,,0.78,,UNMATCHED,RUPTL-2025-2034,Tabel B1.4
GI-JMB-0050,Mangga Besar,150/20,3,180.0,DKI Jakarta,Jamali,way/511938945,GIS Mangga Besar,-6.147652,106.8221695,1.0,osm_fuzzy,,RUPTL-2025-2034,Tabel B1.4
GI-JMB-0051,Manggarai,150/20,3,180.0,DKI Jakarta,Jamali,way/966209521,GIS Manggarai,-6.213152,106.8458692,1.0,osm_fuzzy,,RUPTL-2025-2034,Tabel B1.4
GI-JMB-0052,Marunda,150/20,3,180.0,DKI Jakarta,Jamali,way/491746194,GIS Marunda,-6.117885,106.9553429,1.0,osm_fuzzy,,RUPTL-2025-2034,Tabel B1.4
GI-JMB-0053,Miniatur,150/20,3,180.0,DKI Jakarta,Jamali,way/163287641,Gardu Induk Miniatur,-6.2993552,106.8978079,1.0,osm_fuzzy,,RUPTL-2025-2034,Tabel B1.4
GI-JMB-0054,Muara Karang Baru,150/20,3,180.0,DKI Jakarta,Jamali,way/966209478,Gardu Induk Muara Karang Baru,-6.1100955,106.781605,1.0,osm_fuzzy,,RUPTL-2025-2034,Tabel B1.4
GI-JMB-0055,New Senayan,150/20,3,180.0,DKI Jakarta,Jamali,way/1235563082,GIS New Senayan,-6.2276106,106.7716983,1.0,osm_fuzzy,,RUPTL-2025-2034,Tabel B1.4
GI-JMB-0056,Pegangsaan,150/20,3,180.0,DKI Jakarta,Jamali,way/662490048,Gardu Induk GIS Pegangsaan,-6.1786468,106.917801,1.0,osm_fuzzy,,RUPTL-2025-2034,Tabel B1.4
GI-JMB-0057,Penggilingan,150/20,3,180.0,DKI Jakarta,Jamali,way/399022980,Gardu Induk Penggilingan,-6.2020554,106.9446514,1.0,osm_fuzzy,,RUPTL-2025-2034,Tabel B1.4
GI-JMB-0058,Penggilingan 2 / Rawa Kuning,150/20,2,180.0,DKI Jakarta,Jamali,way/399022980,Gardu Induk Penggilingan,-6.2020554,106.9446514,0.92,osm_fuzzy,,RUPTL-2025-2034,Tabel B1.4
GI-JMB-0059,Petukangan,150/20,4,240.0,DKI Jakarta,Jamali,way/662591954,Gardu Induk Petukangan,-6.253088,106.7430393,1.0,osm_fuzzy,,RUPTL-2025-2034,Tabel B1.4
GI-JMB-0060,PIK,150/20,3,180.0,DKI Jakarta,Jamali,way/524852070,PIK 35,-6.1046758,106.7522186,0.95,osm_fuzzy,,RUPTL-2025-2034,Tabel B1.4
GI-JMB-0061,PLTD Senayan,150/20,2,120.0,DKI Jakarta,Jamali,way/498465844,GIS Senayan,-6.2158071,106.7944425,0.92,osm_fuzzy,,RUPTL-2025-2034,Tabel B1.4
GI-JMB-0062,Plumpang,150/20,4,240.0,DKI Jakarta,Jamali,way/154829795,Gardu Induk Plumpang,-6.1300058,106.8961137,1.0,osm_fuzzy,,RUPTL-2025-2034,Tabel B1.4
GI-JMB-0063,Pondok Indah,150/20,3,180.0,DKI Jakarta,Jamali,way/966209519,Gardu Induk Pondok Indah,-6.292419,106.7710081,1.0,osm_fuzzy,,RUPTL-2025-2034,Tabel B1.4
GI-JMB-0064,Pondok Indah 2 / Cirendeu,150/20,2,120.0,DKI Jakarta,Jamali,way/966209519,Gardu Induk Pondok Indah,-6.292419,106.7710081,0.92,osm_fuzzy,,RUPTL-2025-2034,Tabel B1.4
GI-JMB-0065,Pondok Kelapa,150/20,3,180.0,DKI Jakarta,Jamali,way/1314372463,Gardu Induk Pondok Kelapa,-6.2427208,106.9555366,1.0,osm_fuzzy,,RUPTL-2025-2034,Tabel B1.4
GI-JMB-0066,Priok Timur,150/20,2,120.0,DKI Jakarta,Jamali,way/966209475,Gardu Induk Priok Timur,-6.1082756,106.8716329,1.0,osm_fuzzy,,RUPTL-2025-2034,Tabel B1.4
GI-JMB-0067,Priok Timur,500/150,2,1000.0,DKI Jakarta,Jamali,way/966209475,Gardu Induk Priok Timur,-6.1082756,106.8716329,1.0,osm_fuzzy,,RUPTL-2025-2034,Tabel B1.4
GI-JMB-0068,Pulogadung,150/20,5,300.0,DKI Jakarta,Jamali,way/662490046,Gardu Induk GIS Pulogadung,-6.1847099,106.9177933,1.0,osm_fuzzy,,RUPTL-2025-2034,Tabel B1.4
GI-JMB-0069,Pulogadung 2 / Rawa Terate,150/20,2,120.0,DKI Jakarta,Jamali,way/662490046,Gardu Induk GIS Pulogadung,-6.1847099,106.9177933,0.92,osm_fuzzy,,RUPTL-2025-2034,Tabel B1.4
GI-JMB-0070,Pulomas,150/20,3,180.0,DKI Jakarta,Jamali,way/155953498,Gardu Induk Pulomas,-6.2013912,106.8800017,1.0,osm_fuzzy,,RUPTL-2025-2034,Tabel B1.4
GI-JMB-0071,Senayan,150/20,3,180.0,DKI Jakarta,Jamali,way/498465844,GIS Senayan,-6.2158071,106.7944425,1.0,osm_fuzzy,,RUPTL-2025-2034,Tabel B1.4
GI-JMB-0072,Senayan III / Ulujami,150/20,1,60.0,DKI Jakarta,Jamali,way/498465844,GIS Senayan,-6.2158071,106.7944425,0.92,osm_fuzzy,,RUPTL-2025-2034,Tabel B1.4
GI-JMB-0073,Setia Budi,150/20,3,180.0,DKI Jakarta,Jamali,way/229961814,GIS Setiabudi,-6.2188142,106.8292774,0.95,osm_fuzzy,,RUPTL-2025-2034,Tabel B1.4
GI-JMB-0074,Sunter,150/20,2,120.0,DKI Jakarta,Jamali,,,,,0.59,,UNMATCHED,RUPTL-2025-2034,Tabel B1.4
GI-JMB-0075,Taman Rasuna,150/20,3,180.0,DKI Jakarta,Jamali,way/966209523,Gardu Induk Taman Rasuna,-6.2393269,106.839164,1.0,osm_fuzzy,,RUPTL-2025-2034,Tabel B1.4
GI-JMB-0076,Tanah Tinggi,150/20,3,180.0,DKI Jakarta,Jamali,way/509965219,GIS Tanah Tinggi,-6.1916897,106.868561,1.0,osm_fuzzy,,RUPTL-2025-2034,Tabel B1.4
GI-JMB-0077,Tomang,150/20,2,120.0,DKI Jakarta,Jamali,way/966209479,Gardu Induk Tomang,-6.1873528,106.775494,1.0,osm_fuzzy,,RUPTL-2025-2034,Tabel B1.4
GI-JMB-0078,Duren Tiga II / Ragunan,150/20,1,60.0,DKI Jakarta,Jamali,way/966209481,Gardu Induk Duren Tiga,-6.2584956,106.8345616,0.92,osm_fuzzy,,RUPTL-2025-2034,Tabel B1.4
GI-JMB-0079,Gambir Lama II / Menteng,150/20,2,120.0,DKI Jakarta,Jamali,way/966209528,Gardu Induk Gambir Lama,-6.1797236,106.8351504,0.92,osm_fuzzy,,RUPTL-2025-2034,Tabel B1.4
GI-JMB-0080,Kembangan II /Metland,150/20,1,60.0,DKI Jakarta,Jamali,way/1314661236,GIS Kembangan II / Metland,-6.1980296,106.7104532,1.0,osm_fuzzy,,RUPTL-2025-2034,Tabel B1.4
GI-JMB-0081,Duri Kosambi,500/150,2,1000.0,DKI Jakarta,Jamali,way/662591948,Gardu Induk Duri Kosambi,-6.1713414,106.7252754,1.0,osm_fuzzy,,RUPTL-2025-2034,Tabel B1.4
GI-JMB-0082,Alam Sutera,150/20,3,180.0,Banten,Jamali,way/563686552,GIS Alam Sutera,-6.2202308,106.6564551,1.0,osm_fuzzy,,RUPTL-2025-2034,Tabel B2.4
GI-JMB-0083,Anyer,150/20,1,60.0,Banten,Jamali,way/1314443985,Gardu Induk Anyer,-6.1498326,105.8691354,1.0,osm_fuzzy,,RUPTL-2025-2034,Tabel B2.4
GI-JMB-0084,Asahimas,150/20,2,120.0,Banten,Jamali,way/161980511,Gardu Induk Asahimas,-6.0327209,105.9397835,1.0,osm_fuzzy,,RUPTL-2025-2034,Tabel B2.4
GI-JMB-0085,Balaraja,150/20,4,240.0,Banten,Jamali,way/169444592,GITET Balaraja,-6.1996403,106.4225663,1.0,osm_fuzzy,,RUPTL-2025-2034,Tabel B2.4
GI-JMB-0086,Balaraja,500/150,4,2000.0,Banten,Jamali,way/169444592,GITET Balaraja,-6.1996403,106.4225663,1.0,osm_fuzzy,,RUPTL-2025-2034,Tabel B2.4
GI-JMB-0087,Bayah,150/20,1,60.0,Banten,Jamali,way/662722548,Gardu Induk Bayah,-6.9471922,106.2540713,1.0,osm_fuzzy,,RUPTL-2025-2034,Tabel B2.4
GI-JMB-0088,BSD 1,150/20,2,120.0,Banten,Jamali,way/604655496,Gardu Induk BSD 1,-6.317178,106.6322359,1.0,osm_fuzzy,,RUPTL-2025-2034,Tabel B2.4
GI-JMB-0089,Candra Asri,150/20,1,60.0,Banten,Jamali,way/621516037,Gardu Induk Chandra Asri,-6.0343067,105.9412352,0.96,osm_fuzzy,,RUPTL-2025-2034,Tabel B2.4
GI-JMB-0090,Cengkareng 2,150/20,2,120.0,Banten,Jamali,way/966209538,Gardu Induk Cengkareng,-6.1503268,106.6590982,0.92,osm_fuzzy,,RUPTL-2025-2034,Tabel B2.4
GI-JMB-0091,Cikande,150/20,3,180.0,Banten,Jamali,way/399057165,Gardu Induk Cikande,-6.1625283,106.3437052,1.0,osm_fuzzy,,RUPTL-2025-2034,Tabel B2.4
GI-JMB-0092,Cikupa,150/20,3,180.0,Banten,Jamali,way/161951304,Gardu Induk Cikupa,-6.2042367,106.5230045,1.0,osm_fuzzy,,RUPTL-2025-2034,Tabel B2.4
GI-JMB-0093,Ciledug,150/20,4,240.0,Banten,Jamali,way/399038176,Gardu Induk Ciledug,-6.2115231,106.6799961,1.0,osm_fuzzy,,RUPTL-2025-2034,Tabel B2.4
GI-JMB-0094,Cilegon,500/150,3,1500.0,Banten,Jamali,way/161965853,GITET CIlegon Baru,-5.988787,106.018305,0.95,osm_fuzzy,,RUPTL-2025-2034,Tabel B2.4
GI-JMB-0095,Cilegon Baru,150/20,2,120.0,Banten,Jamali,way/161965853,GITET CIlegon Baru,-5.988787,106.018305,1.0,osm_fuzzy,,RUPTL-2025-2034,Tabel B2.4
GI-JMB-0096,Cilegon Lama,150/20,2,120.0,Banten,Jamali,way/399057180,Gardu Induk Cilegon Lama,-5.9952864,106.0310632,1.0,osm_fuzzy,,RUPTL-2025-2034,Tabel B2.4
GI-JMB-0097,Citra Habitat,150/20,4,240.0,Banten,Jamali,way/604684003,Gardu Induk Citra Habitat,-6.2597575,106.5103309,1.0,osm_fuzzy,,RUPTL-2025-2034,Tabel B2.4
GI-JMB-0098,Curug,150/20,4,240.0,Banten,Jamali,way/399038175,Gardu Induk Curug,-6.2424712,106.6090363,1.0,osm_fuzzy,,RUPTL-2025-2034,Tabel B2.4
GI-JMB-0099,Gajah Tunggal,150/20,2,120.0,Banten,Jamali,way/1191384820,Gardu Induk Gajah Tunggal,-6.1825045,106.5549646,1.0,osm_fuzzy,,RUPTL-2025-2034,Tabel B2.4
GI-JMB-0100,Gunung Mulia Steel,150/20,1,60.0,Banten,Jamali,way/1191285026,Gardu Induk Gunung Mulia Steel,-6.1232668,106.2685732,1.0,osm_fuzzy,,RUPTL-2025-2034,Tabel B2.4
GI-JMB-0101,Jatake,150/20,5,300.0,Banten,Jamali,way/966209506,Gardu Induk Jatake,-6.2141972,106.5831113,1.0,osm_fuzzy,,RUPTL-2025-2034,Tabel B2.4
GI-JMB-0102,Jatake Baru,150/20,2,120.0,Banten,Jamali,way/966209506,Gardu Induk Jatake,-6.2141972,106.5831113,0.92,osm_fuzzy,,RUPTL-2025-2034,Tabel B2.4
GI-JMB-0103,Kopo,150/20,3,180.0,Banten,Jamali,way/656647806,Gardu Induk Kopo,-6.2464466,106.3327267,1.0,osm_fuzzy,,RUPTL-2025-2034,Tabel B2.4
GI-JMB-0104,Kramatwatu,150/20,2,120.0,Banten,Jamali,,,,,0.5,,UNMATCHED,RUPTL-2025-2034,Tabel B2.4
GI-JMB-0105,Lautan Steel,150/20,2,120.0,Banten,Jamali,way/604683999,Gardu Induk Lautan Steel,-6.2045012,106.4678769,1.0,osm_fuzzy,,RUPTL-2025-2034,Tabel B2.4
GI-JMB-0106,Legok,150/20,4,240.0,Banten,Jamali,way/604684006,Gardu Induk Legok,-6.3168287,106.5993453,1.0,osm_fuzzy,,RUPTL-2025-2034,Tabel B2.4
GI-JMB-0107,Lengkong,150/20,4,240.0,Banten,Jamali,way/562046302,Gardu Induk Lengkong,-6.3052232,106.6584237,1.0,osm_fuzzy,,RUPTL-2025-2034,Tabel B2.4
GI-JMB-0108,Lengkong,500/150,2,1000.0,Banten,Jamali,way/562046302,Gardu Induk Lengkong,-6.3052232,106.6584237,1.0,osm_fuzzy,,RUPTL-2025-2034,Tabel B2.4
GI-JMB-0109,Lengkong 2,150/20,2,120.0,Banten,Jamali,way/562046302,Gardu Induk Lengkong,-6.3052232,106.6584237,0.92,osm_fuzzy,,RUPTL-2025-2034,Tabel B2.4
GI-JMB-0110,Malingping,150/20,1,60.0,Banten,Jamali,way/947353936,Gardu Induk Malingping,-6.7426031,106.0357159,1.0,osm_fuzzy,,RUPTL-2025-2034,Tabel B2.4
GI-JMB-0111,Maximangando,150/20,2,120.0,Banten,Jamali,way/1191384823,Gardu Induk Maximangando,-6.211212,106.5886075,1.0,osm_fuzzy,,RUPTL-2025-2034,Tabel B2.4
GI-JMB-0112,Menes,150/20,3,180.0,Banten,Jamali,way/162002076,Gardu Induk Menes Baru,-6.3534424,105.8276886,0.95,osm_fuzzy,,RUPTL-2025-2034,Tabel B2.4
GI-JMB-0113,Millenium,150/20,4,240.0,Banten,Jamali,way/604684002,Gardu Induk Millenium,-6.2502964,106.4987478,1.0,osm_fuzzy,,RUPTL-2025-2034,Tabel B2.4
GI-JMB-0114,Modern,150/20,2,120.0,Banten,Jamali,,,,,0.5,,UNMATCHED,RUPTL-2025-2034,Tabel B2.4
GI-JMB-0115,New Balaraja,150/20,3,180.0,Banten,Jamali,way/169444592,GITET Balaraja,-6.1996403,106.4225663,0.92,osm_fuzzy,,RUPTL-2025-2034,Tabel B2.4
GI-JMB-0116,New Tangerang,150/20,4,240.0,Banten,Jamali,way/966209505,Gardu Induk Tangerang,-6.2068667,106.64107,0.92,osm_fuzzy,,RUPTL-2025-2034,Tabel B2.4
GI-JMB-0117,Pasar Kemis,150/20,4,240.0,Banten,Jamali,way/161948635,Gardu Induk Pasar Kemis,-6.1831095,106.529757,1.0,osm_fuzzy,,RUPTL-2025-2034,Tabel B2.4
GI-JMB-0118,Pasar Kemis 2,150/20,3,180.0,Banten,Jamali,way/161948635,Gardu Induk Pasar Kemis,-6.1831095,106.529757,0.92,osm_fuzzy,,RUPTL-2025-2034,Tabel B2.4
GI-JMB-0119,Primaethycolindo,150/20,2,120.0,Banten,Jamali,way/167008794,Gardu Induk Prima Ethycolindo,-5.896787,106.0784862,0.97,osm_fuzzy,,RUPTL-2025-2034,Tabel B2.4
GI-JMB-0120,Puncak Ardi Mulya,150/20,5,300.0,Banten,Jamali,way/399057172,Gardu Induk Puncak Ardi Mulya,-6.1791143,106.329937,1.0,osm_fuzzy,,RUPTL-2025-2034,Tabel B2.4
GI-JMB-0121,Rangkasbitung Baru,150/20,2,120.0,Banten,Jamali,way/263932883,Gardu Induk Rangkasbitung,-6.3661834,106.2707238,0.92,osm_fuzzy,,RUPTL-2025-2034,Tabel B2.4
GI-JMB-0122,Saketi,150/20,3,180.0,Banten,Jamali,way/162030133,Gardu Induk Saketi,-6.4045876,106.0012374,1.0,osm_fuzzy,,RUPTL-2025-2034,Tabel B2.4
GI-JMB-0123,Salira Indah,150/20,3,180.0,Banten,Jamali,,,,,0.53,,UNMATCHED,RUPTL-2025-2034,Tabel B2.4
GI-JMB-0124,Sepatan,150/20,4,240.0,Banten,Jamali,way/161948309,Gardu Induk Sepatan,-6.1144469,106.5714713,1.0,osm_fuzzy,,RUPTL-2025-2034,Tabel B2.4
GI-JMB-0125,Sepatan II,150/20,2,120.0,Banten,Jamali,way/1191384819,Gardu Induk Sepatan II,-6.1297234,106.5669957,1.0,osm_fuzzy,,RUPTL-2025-2034,Tabel B2.4
GI-JMB-0126,Serang,150/20,5,300.0,Banten,Jamali,way/533660170,Gardu Induk Serang,-6.0909949,106.1820263,1.0,osm_fuzzy,,RUPTL-2025-2034,Tabel B2.4
GI-JMB-0127,Serpong,150/20,4,240.0,Banten,Jamali,way/402633021,Gardu Induk Serpong,-6.3506056,106.6712091,1.0,osm_fuzzy,,RUPTL-2025-2034,Tabel B2.4
GI-JMB-0128,Sinar Sahabat,150/20,2,120.0,Banten,Jamali,way/1019712344,Gardu Induk Sinar Sahabat,-6.3114009,106.5441978,1.0,osm_fuzzy,,RUPTL-2025-2034,Tabel B2.4
GI-JMB-0129,Sindang Jaya,150/20,2,120.0,Banten,Jamali,,,,,0.6,,UNMATCHED,RUPTL-2025-2034,Tabel B2.4
GI-JMB-0130,Spinmill,150/20,2,120.0,Banten,Jamali,way/604683996,GIS Spinmill,-6.2283179,106.4762548,1.0,osm_fuzzy,,RUPTL-2025-2034,Tabel B2.4
GI-JMB-0131,Summarecon,150/20,2,120.0,Banten,Jamali,way/966209499,GIS Summarecon,-6.243351,106.6433493,1.0,osm_fuzzy,,RUPTL-2025-2034,Tabel B2.4
GI-JMB-0132,Suralaya,150/20,1,30.0,Banten,Jamali,way/531146249,PLTU Suralaya,-5.8892925,106.0311877,1.0,override:osm_plant,,RUPTL-2025-2034,Tabel B2.4
GI-JMB-0133,Suralaya,500/150,1,250.0,Banten,Jamali,way/531146249,PLTU Suralaya,-5.8892925,106.0311877,1.0,override:osm_plant,,RUPTL-2025-2034,Tabel B2.4
GI-JMB-0134,Suralaya Baru,500/150,1,250.0,Banten,Jamali,way/531146249,PLTU Suralaya,-5.8892925,106.0311877,1.0,override:osm_plant,,RUPTL-2025-2034,Tabel B2.4
GI-JMB-0135,Suvarna,150/20,2,120.0,Banten,Jamali,way/1186526037,GIS Suvarna Sutera,-6.1766367,106.4901072,0.95,osm_fuzzy,,RUPTL-2025-2034,Tabel B2.4
GI-JMB-0136,Tangerang,150/20,5,300.0,Banten,Jamali,way/966209505,Gardu Induk Tangerang,-6.2068667,106.64107,1.0,osm_fuzzy,,RUPTL-2025-2034,Tabel B2.4
GI-JMB-0137,Teluk Naga,150/20,4,240.0,Banten,Jamali,way/161948315,Gardu Induk Teluk Naga,-6.0637855,106.6363161,1.0,osm_fuzzy,,RUPTL-2025-2034,Tabel B2.4
GI-JMB-0138,Teluk Naga II / Dadap,150/20,2,120.0,Banten,Jamali,way/161948315,Gardu Induk Teluk Naga,-6.0637855,106.6363161,0.92,osm_fuzzy,,RUPTL-2025-2034,Tabel B2.4
GI-JMB-0139,Tiga Raksa,150/20,4,240.0,Banten,Jamali,way/1191285011,Gardu Induk Tigaraksa,-6.2748601,106.4734117,0.95,osm_fuzzy,,RUPTL-2025-2034,Tabel B2.4
GI-JMB-0140,Arjawinangun,70/20,3,80.0,Jawa Barat,Jamali,way/695626548,Gardu Induk Arjawinangun,-6.6576736,108.4024295,1.0,osm_fuzzy,,RUPTL-2025-2034,Tabel B3.4
GI-JMB-0141,Arjawinangun Baru,150/20,2,120.0,Jawa Barat,Jamali,way/695626548,Gardu Induk Arjawinangun,-6.6576736,108.4024295,0.92,osm_fuzzy,,RUPTL-2025-2034,Tabel B3.4
GI-JMB-0142,Babakan,70/20,3,90.0,Jawa Barat,Jamali,way/1194037960,Gardu Induk Babakan,-6.887566,108.7207784,1.0,osm_fuzzy,,RUPTL-2025-2034,Tabel B3.4
GI-JMB-0143,Bandung Selatan,150/20,4,240.0,Jawa Barat,Jamali,way/264410236,GITET Bandung Selatan,-7.0587584,107.5715396,1.0,osm_fuzzy,,RUPTL-2025-2034,Tabel B3.4
GI-JMB-0144,Bandung Selatan,500/150,2,1000.0,Jawa Barat,Jamali,way/264410236,GITET Bandung Selatan,-7.0587584,107.5715396,1.0,osm_fuzzy,,RUPTL-2025-2034,Tabel B3.4
GI-JMB-0145,Bandung Timur,150/20,2,120.0,Jawa Barat,Jamali,way/156208230,Gardu Induk Bandung Timur,-6.9046379,107.6706912,1.0,osm_fuzzy,,RUPTL-2025-2034,Tabel B3.4
GI-JMB-0146,Bandung Utara,150/20,4,240.0,Jawa Barat,Jamali,way/182845612,Gardu Induk Bandung Utara,-6.8578021,107.5923149,1.0,osm_fuzzy,,RUPTL-2025-2034,Tabel B3.4
GI-JMB-0147,Banjar,150/70,2,200.0,Jawa Barat,Jamali,way/1071252139,Gardu Induk Banjar,-7.3858558,108.5358506,1.0,osm_fuzzy,,RUPTL-2025-2034,Tabel B3.4
GI-JMB-0148,Banjar,150/20,3,180.0,Jawa Barat,Jamali,way/1071252139,Gardu Induk Banjar,-7.3858558,108.5358506,1.0,osm_fuzzy,,RUPTL-2025-2034,Tabel B3.4
GI-JMB-0149,Bogor Baru,150/20,4,240.0,Jawa Barat,Jamali,way/628259420,Gardu Induk Bogor Baru,-6.5933808,106.8202482,1.0,osm_fuzzy,,RUPTL-2025-2034,Tabel B3.4
GI-JMB-0150,Bogor Kota,150/20,2,120.0,Jawa Barat,Jamali,way/966209462,GIS Bogor Kota,-6.5701181,106.7573369,1.0,osm_fuzzy,,RUPTL-2025-2034,Tabel B3.4
GI-JMB-0151,Bojong Gede,150/20,2,120.0,Jawa Barat,Jamali,way/222275610,Gardu Stasiun Bojong Gede,-6.4927017,106.7951789,0.95,osm_fuzzy,,RUPTL-2025-2034,Tabel B3.4
GI-JMB-0152,Braga,150/20,2,120.0,Jawa Barat,Jamali,,,,,0.62,,UNMATCHED,RUPTL-2025-2034,Tabel B3.4
GI-JMB-0153,Bunar Baru,150/20,2,120.0,Jawa Barat,Jamali,way/974418125,Gardu Induk Bunar Baru,-6.506845,106.5047544,1.0,osm_fuzzy,,RUPTL-2025-2034,Tabel B3.4
GI-JMB-0154,Cangkring Baru,150/20,2,120.0,Jawa Barat,Jamali,way/695626543,Gardu Induk Cangkring,-6.7112927,108.5494039,0.92,osm_fuzzy,,RUPTL-2025-2034,Tabel B3.4
GI-JMB-0155,Ciamis,150/20,3,150.0,Jawa Barat,Jamali,way/363758880,Gardu Induk Ciamis,-7.3328969,108.3600738,1.0,osm_fuzzy,,RUPTL-2025-2034,Tabel B3.4
GI-JMB-0156,Cianjur,150/20,4,240.0,Jawa Barat,Jamali,way/966209563,Gardu Induk Cianjur,-6.8008777,107.1117867,1.0,osm_fuzzy,,RUPTL-2025-2034,Tabel B3.4
GI-JMB-0157,Ciawi,150/20,4,240.0,Jawa Barat,Jamali,way/560552555,Gardu Induk Ciawi,-6.6578974,106.8484186,1.0,osm_fuzzy,,RUPTL-2025-2034,Tabel B3.4
GI-JMB-0158,Cibabat,150/20,3,180.0,Jawa Barat,Jamali,way/1010246290,Gardu Induk Cibabat,-6.8814821,107.553505,1.0,osm_fuzzy,,RUPTL-2025-2034,Tabel B3.4
GI-JMB-0159,Cibabat Baru,150/20,3,180.0,Jawa Barat,Jamali,way/1010246294,Gardu Induk Cibabat Baru,-6.8988358,107.554437,1.0,osm_fuzzy,,RUPTL-2025-2034,Tabel B3.4
GI-JMB-0160,Cibadak Baru,150/70,1,60.0,Jawa Barat,Jamali,way/161888555,Gardu Induk Cibadak Baru,-6.8657531,106.7660595,1.0,osm_fuzzy,,RUPTL-2025-2034,Tabel B3.4
GI-JMB-0161,Cibadak Baru,150/20,3,180.0,Jawa Barat,Jamali,way/161888555,Gardu Induk Cibadak Baru,-6.8657531,106.7660595,1.0,osm_fuzzy,,RUPTL-2025-2034,Tabel B3.4
GI-JMB-0162,Cibatu,150/20,4,240.0,Jawa Barat,Jamali,way/399100034,GITET Cibatu,-6.3778561,107.161993,1.0,osm_fuzzy,,RUPTL-2025-2034,Tabel B3.4
GI-JMB-0163,Cibatu,500/150,4,2000.0,Jawa Barat,Jamali,way/399100034,GITET Cibatu,-6.3778561,107.161993,1.0,osm_fuzzy,,RUPTL-2025-2034,Tabel B3.4
GI-JMB-0164,Cibeureum Baru,150/20,3,180.0,Jawa Barat,Jamali,way/1010246306,Gardu Induk Cibeureum Baru,-6.914574,107.5637349,1.0,osm_fuzzy,,RUPTL-2025-2034,Tabel B3.4
GI-JMB-0165,Cibinong,150/70,2,200.0,Jawa Barat,Jamali,way/966209515,GITET Cibinong,-6.4401583,106.9152955,1.0,osm_fuzzy,,RUPTL-2025-2034,Tabel B3.4
GI-JMB-0166,Cibinong,150/20,4,240.0,Jawa Barat,Jamali,way/966209515,GITET Cibinong,-6.4401583,106.9152955,1.0,osm_fuzzy,,RUPTL-2025-2034,Tabel B3.4
GI-JMB-0167,Cibinong,500/150,3,1500.0,Jawa Barat,Jamali,way/966209515,GITET Cibinong,-6.4401583,106.9152955,1.0,osm_fuzzy,,RUPTL-2025-2034,Tabel B3.4
GI-JMB-0168,Ciganea,70/20,1,30.0,Jawa Barat,Jamali,way/960747872,Gardu Induk Ciganea,-6.5475511,107.4073152,1.0,osm_fuzzy,,RUPTL-2025-2034,Tabel B3.4
GI-JMB-0169,Cigereleng,150/70,3,300.0,Jawa Barat,Jamali,way/269129291,Gardu Induk Cigereleng,-6.9524462,107.6140554,1.0,osm_fuzzy,,RUPTL-2025-2034,Tabel B3.4
GI-JMB-0170,Cigereleng,150/20,4,240.0,Jawa Barat,Jamali,way/269129291,Gardu Induk Cigereleng,-6.9524462,107.6140554,1.0,osm_fuzzy,,RUPTL-2025-2034,Tabel B3.4
GI-JMB-0171,Cikalong,70/20,1,0.5,Jawa Barat,Jamali,way/280240918,Gardu Induk Cikalong,-7.1142053,107.5515282,1.0,osm_fuzzy,,RUPTL-2025-2034,Tabel B3.4
GI-JMB-0172,Cikarang,150/20,3,180.0,Jawa Barat,Jamali,way/694792610,Gardu Induk Cikarang,-6.2866352,107.1171517,1.0,osm_fuzzy,,RUPTL-2025-2034,Tabel B3.4
GI-JMB-0173,Cikarang Lippo,150/20,2,120.0,Jawa Barat,Jamali,way/960747910,Gardu Induk Cikarang Lippo,-6.3419785,107.1455504,1.0,osm_fuzzy,,RUPTL-2025-2034,Tabel B3.4
GI-JMB-0174,Cikasungka,150/20,4,240.0,Jawa Barat,Jamali,way/399067568,Gardu Induk Cikasungka,-7.0100131,107.8053126,1.0,osm_fuzzy,,RUPTL-2025-2034,Tabel B3.4
GI-JMB-0175,Cikedung,150/20,2,120.0,Jawa Barat,Jamali,way/1313920321,Gardu Induk Cikedung,-6.4758865,108.1330607,1.0,osm_fuzzy,,RUPTL-2025-2034,Tabel B3.4
GI-JMB-0176,Cikumpay,150/20,4,240.0,Jawa Barat,Jamali,way/704200794,Gardu Induk Cikumpay,-6.5045474,107.4941108,1.0,osm_fuzzy,,RUPTL-2025-2034,Tabel B3.4
GI-JMB-0177,Cileungsi,150/20,3,180.0,Jawa Barat,Jamali,way/966209491,Gardu Induk Cileungsi,-6.4318362,106.9532422,1.0,osm_fuzzy,,RUPTL-2025-2034,Tabel B3.4
GI-JMB-0178,Cileungsi,70/20,2,60.0,Jawa Barat,Jamali,way/966209491,Gardu Induk Cileungsi,-6.4318362,106.9532422,1.0,osm_fuzzy,,RUPTL-2025-2034,Tabel B3.4
GI-JMB-0179,Cirata,500/150,3,1500.0,Jawa Barat,Jamali,way/399100035,Gardu Induk Cirata,-6.6726066,107.3497274,1.0,osm_fuzzy,,RUPTL-2025-2034,Tabel B3.4
GI-JMB-0180,Ciratabaru,150/20,1,60.0,Jawa Barat,Jamali,way/399100035,Gardu Induk Cirata,-6.6726066,107.3497274,0.92,osm_fuzzy,,RUPTL-2025-2034,Tabel B3.4
GI-JMB-0181,Ciratabaru,150/70,1,100.0,Jawa Barat,Jamali,way/399100035,Gardu Induk Cirata,-6.6726066,107.3497274,0.92,osm_fuzzy,,RUPTL-2025-2034,Tabel B3.4
GI-JMB-0182,Dagopakar,150/20,2,120.0,Jawa Barat,Jamali,way/156048793,Gardu Induk Dago Pakar,-6.8689888,107.6694172,0.95,osm_fuzzy,,RUPTL-2025-2034,Tabel B3.4
GI-JMB-0183,Dawuan,150/20,3,180.0,Jawa Barat,Jamali,way/695665202,Gardu Induk Dawuan,-6.4040597,107.4249876,1.0,osm_fuzzy,,RUPTL-2025-2034,Tabel B3.4
GI-JMB-0184,Dayeuhkolot,150/20,2,120.0,Jawa Barat,Jamali,way/1330346962,GIS Dayeuhkolot,-6.9750414,107.61753,1.0,osm_fuzzy,,RUPTL-2025-2034,Tabel B3.4
GI-JMB-0185,Deltamas,150/20,2,120.0,Jawa Barat,Jamali,way/960747936,GITET Deltamas,-6.4050366,107.1754088,1.0,osm_fuzzy,,RUPTL-2025-2034,Tabel B3.4
GI-JMB-0186,Deltamas,500/150,2,1000.0,Jawa Barat,Jamali,way/960747936,GITET Deltamas,-6.4050366,107.1754088,1.0,osm_fuzzy,,RUPTL-2025-2034,Tabel B3.4
GI-JMB-0187,Fajar,150/20,3,180.0,Jawa Barat,Jamali,way/694792611,Gardu Induk Fajar,-6.2753034,107.1225819,1.0,osm_fuzzy,,RUPTL-2025-2034,Tabel B3.4
GI-JMB-0188,Gandamekar,150/20,4,240.0,Jawa Barat,Jamali,way/694792608,Gardu Induk Gandamekar,-6.2968418,107.097099,1.0,osm_fuzzy,,RUPTL-2025-2034,Tabel B3.4
GI-JMB-0189,Garut,150/20,4,240.0,Jawa Barat,Jamali,way/265002737,Gardu Induk Garut,-7.2681457,107.9125158,1.0,osm_fuzzy,,RUPTL-2025-2034,Tabel B3.4
GI-JMB-0190,Gedebage,150/20,2,120.0,Jawa Barat,Jamali,way/1136778000,GIS Gedebage,-6.9598912,107.7045543,1.0,osm_fuzzy,,RUPTL-2025-2034,Tabel B3.4
GI-JMB-0191,Gistet 500Kv New Tambun,500/150,2,1000.0,Jawa Barat,Jamali,way/387757812,Gardu Induk Tambun,-6.2840473,107.0352989,0.92,osm_fuzzy,,RUPTL-2025-2034,Tabel B3.4
GI-JMB-0192,Gistet 500Kv Sukatani,500/150,2,1000.0,Jawa Barat,Jamali,way/960747883,Gardu Induk Sukatani,-6.2539503,107.2004079,0.92,osm_fuzzy,,RUPTL-2025-2034,Tabel B3.4
GI-JMB-0193,Haurgeulis,150/20,3,180.0,Jawa Barat,Jamali,way/399067557,Gardu Induk Haurgeulis,-6.4398297,107.9448109,1.0,osm_fuzzy,,RUPTL-2025-2034,Tabel B3.4
GI-JMB-0194,Indramayu,70/20,2,60.0,Jawa Barat,Jamali,way/1072665334,Gardu Induk Indramayu,-6.3453094,108.345678,1.0,osm_fuzzy,,RUPTL-2025-2034,Tabel B3.4
GI-JMB-0195,Jababeka,150/20,4,240.0,Jawa Barat,Jamali,way/694792626,Gardu Induk Jababeka,-6.2936249,107.1300876,1.0,osm_fuzzy,,RUPTL-2025-2034,Tabel B3.4
GI-JMB-0196,Jatibarang,150/70,1,100.0,Jawa Barat,Jamali,way/399067566,Gardu Induk Jatibarang,-6.4786134,108.3447377,1.0,osm_fuzzy,,RUPTL-2025-2034,Tabel B3.4
GI-JMB-0197,Jatibarang,150/20,2,120.0,Jawa Barat,Jamali,way/399067566,Gardu Induk Jatibarang,-6.4786134,108.3447377,1.0,osm_fuzzy,,RUPTL-2025-2034,Tabel B3.4
GI-JMB-0198,Juishin,150/20,1,60.0,Jawa Barat,Jamali,way/960747926,Gardu Induk Juishin,-6.4543241,107.2074947,1.0,osm_fuzzy,,RUPTL-2025-2034,Tabel B3.4
GI-JMB-0199,Kadipaten,70/20,3,90.0,Jawa Barat,Jamali,way/271673009,Gardu Induk Kadipaten,-6.7917237,108.1748535,1.0,osm_fuzzy,,RUPTL-2025-2034,Tabel B3.4
GI-JMB-0200,Kamojang,150/20,1,60.0,Jawa Barat,Jamali,relation/7406922,PLTP Kamojang,-7.1397629,107.7857855,1.0,override:osm_plant,,RUPTL-2025-2034,Tabel B3.4
GI-JMB-0201,Kanci,150/20,1,60.0,Jawa Barat,Jamali,way/1072710160,Gardu Induk Kanci,-6.7859787,108.6205011,1.0,osm_fuzzy,,RUPTL-2025-2034,Tabel B3.4
GI-JMB-0202,Karangnunggal,150/20,2,90.0,Jawa Barat,Jamali,way/1192686254,Gardu Induk Karangnunggal,-7.6355968,108.1264128,1.0,osm_fuzzy,,RUPTL-2025-2034,Tabel B3.4
GI-JMB-0203,Katulampa,150/20,2,120.0,Jawa Barat,Jamali,,,,,0.74,,UNMATCHED,RUPTL-2025-2034,Tabel B3.4
GI-JMB-0204,Kedungbadak,150/70,1,100.0,Jawa Barat,Jamali,way/314536856,Gardu Induk Kedung Badak,-6.5595991,106.8019422,0.96,osm_fuzzy,,RUPTL-2025-2034,Tabel B3.4
GI-JMB-0205,Kedungbadak,150/20,3,180.0,Jawa Barat,Jamali,way/314536856,Gardu Induk Kedung Badak,-6.5595991,106.8019422,0.96,osm_fuzzy,,RUPTL-2025-2034,Tabel B3.4
GI-JMB-0206,Kiaracondong,150/20,3,180.0,Jawa Barat,Jamali,way/271678852,Gardu Induk Kiaracondong,-6.9365829,107.6537766,1.0,osm_fuzzy,,RUPTL-2025-2034,Tabel B3.4
GI-JMB-0207,Kiarapayung,150/20,2,120.0,Jawa Barat,Jamali,way/687883582,Gardu Induk Kiarapayung,-6.3795196,107.359458,1.0,osm_fuzzy,,RUPTL-2025-2034,Tabel B3.4
GI-JMB-0208,Kosambibaru,150/20,4,240.0,Jawa Barat,Jamali,way/269475415,Gardu Induk Kosambi Baru,-6.3732256,107.3778292,0.96,osm_fuzzy,,RUPTL-2025-2034,Tabel B3.4
GI-JMB-0209,Kosambibaru,150/70,2,200.0,Jawa Barat,Jamali,way/269475415,Gardu Induk Kosambi Baru,-6.3732256,107.3778292,0.96,osm_fuzzy,,RUPTL-2025-2034,Tabel B3.4
GI-JMB-0210,Kracak,70/20,2,40.0,Jawa Barat,Jamali,way/966209460,Gardu Induk Kracak,-6.6169727,106.6440202,1.0,osm_fuzzy,,RUPTL-2025-2034,Tabel B3.4
GI-JMB-0211,Kuningan,70/20,3,90.0,Jawa Barat,Jamali,way/1192471721,Gardu Induk Kuningan,-6.9693906,108.4956668,1.0,osm_fuzzy,,RUPTL-2025-2034,Tabel B3.4
GI-JMB-0212,Lagadar,150/20,4,240.0,Jawa Barat,Jamali,way/272989133,Gardu Induk Lagadar,-6.9280271,107.4990212,1.0,osm_fuzzy,,RUPTL-2025-2034,Tabel B3.4
GI-JMB-0213,Lamajan,70/20,3,30.0,Jawa Barat,Jamali,way/1194847100,Gardu Induk Lamajan,-7.1421843,107.5565152,1.0,osm_fuzzy,,RUPTL-2025-2034,Tabel B3.4
GI-JMB-0214,Lembursitu,150/20,4,240.0,Jawa Barat,Jamali,way/966209471,Gardu Induk Lembursitu,-6.9578103,106.8919623,1.0,osm_fuzzy,,RUPTL-2025-2034,Tabel B3.4
GI-JMB-0215,Majalaya,70/20,3,90.0,Jawa Barat,Jamali,way/1194972522,Gardu Induk Majalaya,-7.0452342,107.7362785,1.0,osm_fuzzy,,RUPTL-2025-2034,Tabel B3.4
GI-JMB-0216,Malangbong,70/20,3,90.0,Jawa Barat,Jamali,way/271673010,Gardu Induk Malangbong,-7.0597998,108.0853403,1.0,osm_fuzzy,,RUPTL-2025-2034,Tabel B3.4
GI-JMB-0217,Maligi,150/20,2,120.0,Jawa Barat,Jamali,way/269490141,Gardu Induk Maligi,-6.3615766,107.3251477,1.0,osm_fuzzy,,RUPTL-2025-2034,Tabel B3.4
GI-JMB-0218,Mandirancan,150/20,2,120.0,Jawa Barat,Jamali,way/261185002,GITET Mandirancan,-6.818833,108.4842455,1.0,osm_fuzzy,,RUPTL-2025-2034,Tabel B3.4
GI-JMB-0219,Mandirancan,500/150,2,1000.0,Jawa Barat,Jamali,way/261185002,GITET Mandirancan,-6.818833,108.4842455,1.0,osm_fuzzy,,RUPTL-2025-2034,Tabel B3.4
GI-JMB-0220,Margakarya,150/20,2,120.0,Jawa Barat,Jamali,way/734815592,Gardu Induk Margakarya,-6.3899059,107.2647927,1.0,osm_fuzzy,,RUPTL-2025-2034,Tabel B3.4
GI-JMB-0221,Mekarsari,150/20,4,240.0,Jawa Barat,Jamali,way/695639244,Gardu Induk Mekarsari,-6.3611967,107.2392732,1.0,osm_fuzzy,,RUPTL-2025-2034,Tabel B3.4
GI-JMB-0222,Muaratawar,500/150,2,1000.0,Jawa Barat,Jamali,way/269508907,PLTGU Muara Tawar,-6.086259,106.9985262,1.0,override:osm_plant,,RUPTL-2025-2034,Tabel B3.4
GI-JMB-0223,New Kadipaten,150/20,2,120.0,Jawa Barat,Jamali,way/271673009,Gardu Induk Kadipaten,-6.7917237,108.1748535,0.92,osm_fuzzy,,RUPTL-2025-2034,Tabel B3.4
GI-JMB-0224,New Rancakasumba,150/20,3,180.0,Jawa Barat,Jamali,way/1194972519,Gardu Induk Rancakasumba,-7.0355555,107.7688522,0.92,osm_fuzzy,,RUPTL-2025-2034,Tabel B3.4
GI-JMB-0225,New Tambun,150/20,2,120.0,Jawa Barat,Jamali,way/387757812,Gardu Induk Tambun,-6.2840473,107.0352989,0.92,osm_fuzzy,,RUPTL-2025-2034,Tabel B3.4
GI-JMB-0226,New Ujungberung,500/150,2,1000.0,Jawa Barat,Jamali,way/769617021,GITET Ujungberung,-6.9636118,107.8169182,0.92,osm_fuzzy,,RUPTL-2025-2034,Tabel B3.4
GI-JMB-0227,Pabuaran,150/20,2,120.0,Jawa Barat,Jamali,way/704200792,Gardu Induk Pabuaran,-6.4611417,107.5493047,1.0,osm_fuzzy,,RUPTL-2025-2034,Tabel B3.4
GI-JMB-0228,Padalarang Baru,150/20,4,240.0,Jawa Barat,Jamali,way/272989134,Gardu Induk Padalarang Baru,-6.8395325,107.4885996,1.0,osm_fuzzy,,RUPTL-2025-2034,Tabel B3.4
GI-JMB-0229,Pameungpeuk,70/20,3,90.0,Jawa Barat,Jamali,way/280240916,Gardu Induk Pameungpeuk,-7.6461503,107.7090645,1.0,osm_fuzzy,,RUPTL-2025-2034,Tabel B3.4
GI-JMB-0230,Panasia,150/20,1,60.0,Jawa Barat,Jamali,way/269129304,Gardu Induk Panasia,-6.9825012,107.6146983,1.0,osm_fuzzy,,RUPTL-2025-2034,Tabel B3.4
GI-JMB-0231,Pangandaran,70/20,3,90.0,Jawa Barat,Jamali,way/1071252141,Gardu Induk Pangandaran,-7.6726941,108.6878796,1.0,osm_fuzzy,,RUPTL-2025-2034,Tabel B3.4
GI-JMB-0232,Parakan,70/20,3,20.0,Jawa Barat,Jamali,way/271673005,Gardu Induk Parakan Kondang,-6.8338576,108.1030426,0.95,osm_fuzzy,,RUPTL-2025-2034,Tabel B3.4
GI-JMB-0233,Parungmulya,150/20,3,180.0,Jawa Barat,Jamali,way/269490147,Gardu Induk Parungmulya,-6.3748094,107.3222436,1.0,osm_fuzzy,,RUPTL-2025-2034,Tabel B3.4
GI-JMB-0234,Patuha,150/20,1,60.0,Jawa Barat,Jamali,way/399094735,Gardu Induk Patuha,-7.1820649,107.4204621,1.0,osm_fuzzy,,RUPTL-2025-2034,Tabel B3.4
GI-JMB-0235,Peruri,150/20,3,180.0,Jawa Barat,Jamali,way/960747886,Gardu Induk Peruri,-6.3594551,107.3061423,1.0,osm_fuzzy,,RUPTL-2025-2034,Tabel B3.4
GI-JMB-0236,Pinayungan,150/20,4,240.0,Jawa Barat,Jamali,way/734815591,Gardu Induk Pinayungan,-6.3509581,107.2721332,1.0,osm_fuzzy,,RUPTL-2025-2034,Tabel B3.4
GI-JMB-0237,PLTU Indramayu,150/20,1,60.0,Jawa Barat,Jamali,way/1013653012,GITET PLTU Indramayu,-6.2836212,107.9774547,1.0,osm_fuzzy,,RUPTL-2025-2034,Tabel B3.4
GI-JMB-0238,PLTU Pelabuhan Ratu,150/20,2,120.0,Jawa Barat,Jamali,way/966209466,Gardu Induk Pelabuhan Ratu,-6.9876355,106.5554349,0.92,osm_fuzzy,,RUPTL-2025-2034,Tabel B3.4
GI-JMB-0239,Poncol Baru,150/20,5,300.0,Jawa Barat,Jamali,way/340168687,Gardu Induk Poncol Baru,-6.2530393,107.0009676,1.0,osm_fuzzy,,RUPTL-2025-2034,Tabel B3.4
GI-JMB-0240,Poncol Baru II,150/20,2,120.0,Jawa Barat,Jamali,way/1230090139,GIS Poncol Baru II,-6.2514347,107.0001304,1.0,osm_fuzzy,,RUPTL-2025-2034,Tabel B3.4
GI-JMB-0241,Purwakarta,150/70,2,200.0,Jawa Barat,Jamali,way/704198675,Gardu Induk Purwakarta,-6.5673581,107.4545964,1.0,osm_fuzzy,,RUPTL-2025-2034,Tabel B3.4
GI-JMB-0242,Purwakarta,70/20,2,50.0,Jawa Barat,Jamali,way/704198675,Gardu Induk Purwakarta,-6.5673581,107.4545964,1.0,osm_fuzzy,,RUPTL-2025-2034,Tabel B3.4
GI-JMB-0243,Rajapaksi,150/20,2,120.0,Jawa Barat,Jamali,way/960747890,Gardu Induk Rajapaksi,-6.2732297,107.1090307,1.0,osm_fuzzy,,RUPTL-2025-2034,Tabel B3.4
GI-JMB-0244,Rancaekek,150/20,4,240.0,Jawa Barat,Jamali,way/269129296,Gardu Induk Rancaekek,-6.9504526,107.7823068,1.0,osm_fuzzy,,RUPTL-2025-2034,Tabel B3.4
GI-JMB-0245,Rancakasumba,150/20,4,240.0,Jawa Barat,Jamali,way/1194972519,Gardu Induk Rancakasumba,-7.0355555,107.7688522,1.0,osm_fuzzy,,RUPTL-2025-2034,Tabel B3.4
GI-JMB-0246,Rengasdengklok,70/20,4,110.0,Jawa Barat,Jamali,way/960747905,Gardu Induk Rengasdengklok,-6.1627649,107.3118353,1.0,osm_fuzzy,,RUPTL-2025-2034,Tabel B3.4
GI-JMB-0247,Santosa,70/20,2,50.0,Jawa Barat,Jamali,way/280240911,Gardu Induk Santosa,-7.2529351,107.6303033,1.0,osm_fuzzy,,RUPTL-2025-2034,Tabel B3.4
GI-JMB-0248,Semen Baru,150/70,1,100.0,Jawa Barat,Jamali,way/966209494,Gardu Induk Semen Baru,-6.4562599,106.9364168,1.0,osm_fuzzy,,RUPTL-2025-2034,Tabel B3.4
GI-JMB-0249,Semen Baru,150/20,3,180.0,Jawa Barat,Jamali,way/966209494,Gardu Induk Semen Baru,-6.4562599,106.9364168,1.0,osm_fuzzy,,RUPTL-2025-2034,Tabel B3.4
GI-JMB-0250,Semen Jawa,150/20,1,60.0,Jawa Barat,Jamali,way/966209470,Gardu Induk Semen Jawa,-6.9730007,106.8637226,1.0,osm_fuzzy,,RUPTL-2025-2034,Tabel B3.4
GI-JMB-0251,Sentul,150/20,5,300.0,Jawa Barat,Jamali,way/966209511,Gardu Induk Sentul,-6.5252842,106.8565491,1.0,osm_fuzzy,,RUPTL-2025-2034,Tabel B3.4
GI-JMB-0252,Subang,70/20,3,90.0,Jawa Barat,Jamali,way/1196009004,Gardu Induk Subang,-6.5571293,107.7503859,1.0,osm_fuzzy,,RUPTL-2025-2034,Tabel B3.4
GI-JMB-0253,Sukaluyu,150/20,2,120.0,Jawa Barat,Jamali,way/1185509243,Gardu Induk Sukaluyu,-6.7964246,107.2342685,1.0,osm_fuzzy,,RUPTL-2025-2034,Tabel B3.4
GI-JMB-0254,Sukamandi,150/20,2,120.0,Jawa Barat,Jamali,way/399067565,Gardu Induk Sukamandi,-6.3348872,107.6627597,1.0,osm_fuzzy,,RUPTL-2025-2034,Tabel B3.4
GI-JMB-0255,Sukatani,150/20,2,120.0,Jawa Barat,Jamali,way/960747883,Gardu Induk Sukatani,-6.2539503,107.2004079,1.0,osm_fuzzy,,RUPTL-2025-2034,Tabel B3.4
GI-JMB-0256,Sukatani,150/20,2,120.0,Jawa Barat,Jamali,way/960747883,Gardu Induk Sukatani,-6.2539503,107.2004079,1.0,osm_fuzzy,,RUPTL-2025-2034,Tabel B3.4
GI-JMB-0257,Sumadra,70/20,2,60.0,Jawa Barat,Jamali,way/280240913,Gardu Induk Sumadra,-7.382348,107.7226967,1.0,osm_fuzzy,,RUPTL-2025-2034,Tabel B3.4
GI-JMB-0258,Sumedang,70/20,4,80.0,Jawa Barat,Jamali,way/269468447,Gardu Induk Sumedang,-6.8640276,107.9067648,1.0,osm_fuzzy,,RUPTL-2025-2034,Tabel B3.4
GI-JMB-0259,Sunyaragi,150/70,3,300.0,Jawa Barat,Jamali,way/1072665331,Gardu Induk Sunyaragi,-6.737252,108.5404104,1.0,osm_fuzzy,,RUPTL-2025-2034,Tabel B3.4
GI-JMB-0260,Sunyaragi,150/20,4,240.0,Jawa Barat,Jamali,way/1072665331,Gardu Induk Sunyaragi,-6.737252,108.5404104,1.0,osm_fuzzy,,RUPTL-2025-2034,Tabel B3.4
GI-JMB-0261,Taman Mekar,150/20,2,120.0,Jawa Barat,Jamali,way/960747932,Gardu Induk Taman Mekar,-6.3895873,107.2291804,1.0,osm_fuzzy,,RUPTL-2025-2034,Tabel B3.4
GI-JMB-0262,Tambun,150/70,1,100.0,Jawa Barat,Jamali,way/387757812,Gardu Induk Tambun,-6.2840473,107.0352989,1.0,osm_fuzzy,,RUPTL-2025-2034,Tabel B3.4
GI-JMB-0263,Tambun,150/20,4,240.0,Jawa Barat,Jamali,way/387757812,Gardu Induk Tambun,-6.2840473,107.0352989,1.0,osm_fuzzy,,RUPTL-2025-2034,Tabel B3.4
GI-JMB-0264,Tasikmalaya,150/70,2,200.0,Jawa Barat,Jamali,way/314452486,GITET Tasikmalaya,-7.4015951,108.2347848,1.0,osm_fuzzy,,RUPTL-2025-2034,Tabel B3.4
GI-JMB-0265,Tasikmalaya,150/20,4,240.0,Jawa Barat,Jamali,way/314452486,GITET Tasikmalaya,-7.4015951,108.2347848,1.0,osm_fuzzy,,RUPTL-2025-2034,Tabel B3.4
GI-JMB-0266,Tasikmalaya,500/150,2,1000.0,Jawa Barat,Jamali,way/314452486,GITET Tasikmalaya,-7.4015951,108.2347848,1.0,osm_fuzzy,,RUPTL-2025-2034,Tabel B3.4
GI-JMB-0267,Tasikmalaya Baru,150/20,2,120.0,Jawa Barat,Jamali,way/314452486,GITET Tasikmalaya,-7.4015951,108.2347848,0.92,osm_fuzzy,,RUPTL-2025-2034,Tabel B3.4
GI-JMB-0268,Tata Jabar,150/20,1,60.0,Jawa Barat,Jamali,way/695665204,Gardu Induk Tata Jabar,-6.4278313,107.4179515,1.0,osm_fuzzy,,RUPTL-2025-2034,Tabel B3.4
GI-JMB-0269,Tegalherang,150/20,4,240.0,Jawa Barat,Jamali,way/960747928,Gardu Induk Tegalherang,-6.3080804,107.2709249,1.0,osm_fuzzy,,RUPTL-2025-2034,Tabel B3.4
GI-JMB-0270,Telukjambe,150/20,4,240.0,Jawa Barat,Jamali,way/269490142,Gardu Induk Telukjambe,-6.378914,107.331547,1.0,osm_fuzzy,,RUPTL-2025-2034,Tabel B3.4
GI-JMB-0271,Ubrug,70/20,1,3.0,Jawa Barat,Jamali,way/280246817,Gardu Induk Ubrug,-6.950413,106.7550188,1.0,osm_fuzzy,,RUPTL-2025-2034,Tabel B3.4
GI-JMB-0272,Ujungberung,150/70,2,200.0,Jawa Barat,Jamali,way/769617021,GITET Ujungberung,-6.9636118,107.8169182,1.0,osm_fuzzy,,RUPTL-2025-2034,Tabel B3.4
GI-JMB-0273,Ujungberung,150/20,5,300.0,Jawa Barat,Jamali,way/769617021,GITET Ujungberung,-6.9636118,107.8169182,1.0,osm_fuzzy,,RUPTL-2025-2034,Tabel B3.4
GI-JMB-0274,Wayang Windu,150/70,1,100.0,Jawa Barat,Jamali,way/237756221,PLTP Wayang Windu,-7.1979719,107.6259776,1.0,override:osm_plant,,RUPTL-2025-2034,Tabel B3.4
GI-JMB-0275,Ampel,150/20,1,60.0,Jawa Tengah,Jamali,way/1228686647,Gardu Induk Ampel,-7.4816904,110.5583622,1.0,osm_fuzzy,,RUPTL-2025-2034,Tabel B4.4
GI-JMB-0276,Balapulang,150/20,2,120.0,Jawa Tengah,Jamali,way/269160480,Gardu Induk Balapulang,-7.0910909,109.0889258,1.0,osm_fuzzy,,RUPTL-2025-2034,Tabel B4.4
GI-JMB-0277,Banyudono,150/20,3,180.0,Jawa Tengah,Jamali,way/265903214,Gardu Induk Banyudono,-7.5419194,110.71065,1.0,osm_fuzzy,,RUPTL-2025-2034,Tabel B4.4
GI-JMB-0278,Batang,150/20,3,180.0,Jawa Tengah,Jamali,way/689263666,GITET BATANG,-6.9380465,109.8032159,1.0,osm_fuzzy,,RUPTL-2025-2034,Tabel B4.4
GI-JMB-0279,Batang New,150/20,2,120.0,Jawa Tengah,Jamali,way/689263666,GITET BATANG,-6.9380465,109.8032159,0.92,osm_fuzzy,,RUPTL-2025-2034,Tabel B4.4
GI-JMB-0280,Bawen,150/20,2,120.0,Jawa Tengah,Jamali,way/166632018,Gardu Induk Bawen,-7.2204158,110.4343153,1.0,osm_fuzzy,,RUPTL-2025-2034,Tabel B4.4
GI-JMB-0281,Blora,150/20,2,90.0,Jawa Tengah,Jamali,way/560801220,Gardu Induk Blora,-6.9687009,111.397763,1.0,osm_fuzzy,,RUPTL-2025-2034,Tabel B4.4
GI-JMB-0282,Boyolali,150/20,1,60.0,Jawa Tengah,Jamali,way/1308433899,GITET Boyolali,-7.4312631,110.5675653,1.0,osm_fuzzy,,RUPTL-2025-2034,Tabel B4.4
GI-JMB-0283,Boyolali,500/150,2,1000.0,Jawa Tengah,Jamali,way/1308433899,GITET Boyolali,-7.4312631,110.5675653,1.0,osm_fuzzy,,RUPTL-2025-2034,Tabel B4.4
GI-JMB-0284,Brebes,150/20,3,180.0,Jawa Tengah,Jamali,way/1022123691,Gardu Induk Brebes,-6.887615,109.001427,1.0,osm_fuzzy,,RUPTL-2025-2034,Tabel B4.4
GI-JMB-0285,Bringin,150/20,2,120.0,Jawa Tengah,Jamali,way/1191438563,Gardu Induk Bringin,-7.3123877,110.5062604,1.0,osm_fuzzy,,RUPTL-2025-2034,Tabel B4.4
GI-JMB-0286,Bumi Semarang Baru,150/20,2,80.0,Jawa Tengah,Jamali,way/261381125,Gardu Induk Bumi Semarang Baru,-7.0318713,110.3384775,1.0,osm_fuzzy,,RUPTL-2025-2034,Tabel B4.4
GI-JMB-0287,Bumiayu,150/20,2,90.0,Jawa Tengah,Jamali,way/256812289,Gardu Induk Bumiayu,-7.2826196,109.0259752,1.0,osm_fuzzy,,RUPTL-2025-2034,Tabel B4.4
GI-JMB-0288,Cepu,150/20,2,90.0,Jawa Tengah,Jamali,way/221259860,Gardu Induk Cepu,-7.1491687,111.5767831,1.0,osm_fuzzy,,RUPTL-2025-2034,Tabel B4.4
GI-JMB-0289,Comal,150/20,1,60.0,Jawa Tengah,Jamali,way/1314926038,Gardu Induk Comal,-6.9214181,109.554159,1.0,osm_fuzzy,,RUPTL-2025-2034,Tabel B4.4
GI-JMB-0290,Dieng,150/20,1,30.0,Jawa Tengah,Jamali,way/684911685,Gardu Induk Dieng,-7.2261668,109.9055033,1.0,osm_fuzzy,,RUPTL-2025-2034,Tabel B4.4
GI-JMB-0291,Gombong,150/20,3,136.0,Jawa Tengah,Jamali,way/267626648,Gardu Induk Gombong,-7.6309467,109.5098811,1.0,osm_fuzzy,,RUPTL-2025-2034,Tabel B4.4
GI-JMB-0292,Gondangrejo,150/20,2,120.0,Jawa Tengah,Jamali,way/1051083710,Gardu Induk Gondangrejo,-7.4965724,110.8156103,1.0,osm_fuzzy,,RUPTL-2025-2034,Tabel B4.4
GI-JMB-0293,Jajar,150/20,3,180.0,Jawa Tengah,Jamali,way/265030543,Gardu Induk Jajar,-7.5536957,110.7861855,1.0,osm_fuzzy,,RUPTL-2025-2034,Tabel B4.4
GI-JMB-0294,Jekulo,150/20,2,120.0,Jawa Tengah,Jamali,way/561014857,Gardu Induk Jekulo,-6.8060645,110.9002072,1.0,osm_fuzzy,,RUPTL-2025-2034,Tabel B4.4
GI-JMB-0295,Jelok,150/20,1,30.0,Jawa Tengah,Jamali,way/104440761,Gardu Induk Jelok,-7.2452293,110.4821524,1.0,osm_fuzzy,,RUPTL-2025-2034,Tabel B4.4
GI-JMB-0296,Jepara,150/20,2,120.0,Jawa Tengah,Jamali,way/195211467,Gardu Induk Jepara,-6.6385175,110.713685,1.0,osm_fuzzy,,RUPTL-2025-2034,Tabel B4.4
GI-JMB-0297,Kalasan,150/20,2,120.0,Jawa Tengah,Jamali,,,,,0.67,,UNMATCHED,RUPTL-2025-2034,Tabel B4.4
GI-JMB-0298,Kalibakal,150/20,5,230.0,Jawa Tengah,Jamali,,,,,0.62,,UNMATCHED,RUPTL-2025-2034,Tabel B4.4
GI-JMB-0299,Kalisari,150/20,2,120.0,Jawa Tengah,Jamali,way/563188408,Gardu Induk Kalisari,-6.9918658,110.4051451,1.0,osm_fuzzy,,RUPTL-2025-2034,Tabel B4.4
GI-JMB-0300,Kaliwungu,150/20,2,120.0,Jawa Tengah,Jamali,way/1191438569,Gardu Induk Kaliwungu,-6.9667267,110.2631516,1.0,osm_fuzzy,,RUPTL-2025-2034,Tabel B4.4
GI-JMB-0301,Kebasen,150/20,4,240.0,Jawa Tengah,Jamali,way/261184996,Gardu Induk Kebasen,-6.9129803,109.1278249,1.0,osm_fuzzy,,RUPTL-2025-2034,Tabel B4.4
GI-JMB-0302,Kebumen,150/20,3,150.0,Jawa Tengah,Jamali,way/561746039,Gardu Induk Kebumen,-7.7345392,109.7271095,1.0,osm_fuzzy,,RUPTL-2025-2034,Tabel B4.4
GI-JMB-0303,Kedungombo,150/20,1,60.0,Jawa Tengah,Jamali,way/561591954,Gardu Induk Kedungombo,-7.2569666,110.8401777,1.0,osm_fuzzy,,RUPTL-2025-2034,Tabel B4.4
GI-JMB-0304,Kesugihan,150/20,2,120.0,Jawa Tengah,Jamali,way/267626657,GITET Kesugihan,-7.5824469,109.1337961,1.0,osm_fuzzy,,RUPTL-2025-2034,Tabel B4.4
GI-JMB-0305,Kesugihan,500/150,2,1000.0,Jawa Tengah,Jamali,way/267626657,GITET Kesugihan,-7.5824469,109.1337961,1.0,osm_fuzzy,,RUPTL-2025-2034,Tabel B4.4
GI-JMB-0306,Klaten,150/20,3,180.0,Jawa Tengah,Jamali,way/265903215,Gardu Induk Klaten,-7.7126582,110.6195951,1.0,osm_fuzzy,,RUPTL-2025-2034,Tabel B4.4
GI-JMB-0307,Krapyak,150/20,3,180.0,Jawa Tengah,Jamali,way/568111707,Gardu Induk Krapyak,-6.9859136,110.364616,1.0,osm_fuzzy,,RUPTL-2025-2034,Tabel B4.4
GI-JMB-0308,Kudus,150/20,3,180.0,Jawa Tengah,Jamali,way/398925619,Gardu Induk Kudus,-6.8379591,110.8200994,1.0,osm_fuzzy,,RUPTL-2025-2034,Tabel B4.4
GI-JMB-0309,Lomanis,150/20,3,110.0,Jawa Tengah,Jamali,way/265002738,Gardu Induk Lomanis,-7.6948827,109.0052227,1.0,osm_fuzzy,,RUPTL-2025-2034,Tabel B4.4
GI-JMB-0310,Majenang,150/20,3,110.0,Jawa Tengah,Jamali,way/1071252137,Gardu Induk Majenang,-7.3114231,108.7866505,1.0,osm_fuzzy,,RUPTL-2025-2034,Tabel B4.4
GI-JMB-0311,Mangkunegaran,150/20,2,120.0,Jawa Tengah,Jamali,way/1051083709,Gardu Induk Mangkunegaran,-7.5660713,110.8205033,1.0,osm_fuzzy,,RUPTL-2025-2034,Tabel B4.4
GI-JMB-0312,Masaran,150/20,3,180.0,Jawa Tengah,Jamali,way/268865917,Gardu Induk Masaran,-7.4616226,110.9298108,1.0,osm_fuzzy,,RUPTL-2025-2034,Tabel B4.4
GI-JMB-0313,Mojosongo,150/20,2,120.0,Jawa Tengah,Jamali,way/1039591575,Gardu Induk Mojosongo,-7.5380101,110.6185243,1.0,osm_fuzzy,,RUPTL-2025-2034,Tabel B4.4
GI-JMB-0314,Mranggen,150/20,2,120.0,Jawa Tengah,Jamali,way/558265103,Gardu Induk Mranggen,-7.5882017,111.4377165,1.0,osm_fuzzy,,RUPTL-2025-2034,Tabel B4.4
GI-JMB-0315,Mrica,150/20,2,120.0,Jawa Tengah,Jamali,way/271991718,Gardu Induk Mrica,-7.3960761,109.6076204,1.0,osm_fuzzy,,RUPTL-2025-2034,Tabel B4.4
GI-JMB-0316,Nguntoronadi,150/20,1,60.0,Jawa Tengah,Jamali,way/265030541,Gardu Induk Nguntoronadi,-7.9336858,110.9969424,1.0,osm_fuzzy,,RUPTL-2025-2034,Tabel B4.4
GI-JMB-0317,Palur,150/20,4,240.0,Jawa Tengah,Jamali,way/228490272,Gardu Induk Palur,-7.5606523,110.880587,1.0,osm_fuzzy,,RUPTL-2025-2034,Tabel B4.4
GI-JMB-0318,Pandeanlamper,150/20,3,180.0,Jawa Tengah,Jamali,way/561169586,Gardu Induk Pandean Lamper,-6.9940326,110.4409002,0.96,osm_fuzzy,,RUPTL-2025-2034,Tabel B4.4
GI-JMB-0319,Pati,150/20,3,180.0,Jawa Tengah,Jamali,way/560921405,Gardu Induk Pati,-6.7667818,111.0525512,1.0,osm_fuzzy,,RUPTL-2025-2034,Tabel B4.4
GI-JMB-0320,Pedan,150/20,3,180.0,Jawa Tengah,Jamali,,,,,0.62,,UNMATCHED,RUPTL-2025-2034,Tabel B4.4
GI-JMB-0321,Pedan,500/150,4,2000.0,Jawa Tengah,Jamali,,,,,0.62,,UNMATCHED,RUPTL-2025-2034,Tabel B4.4
GI-JMB-0322,Pekalongan,150/20,3,180.0,Jawa Tengah,Jamali,way/1120933665,Gardu Induk Pekalongan,-6.9045841,109.6625124,1.0,osm_fuzzy,,RUPTL-2025-2034,Tabel B4.4
GI-JMB-0323,Pemalang,150/20,3,180.0,Jawa Tengah,Jamali,way/1188272324,Gardu Induk Pemalang,-6.914309,109.3852459,1.0,osm_fuzzy,,RUPTL-2025-2034,Tabel B4.4
GI-JMB-0324,Pemalang,500/150,2,1000.0,Jawa Tengah,Jamali,way/1188272324,Gardu Induk Pemalang,-6.914309,109.3852459,1.0,osm_fuzzy,,RUPTL-2025-2034,Tabel B4.4
GI-JMB-0325,PLTU Rembang (Sluke),150/20,1,60.0,Jawa Tengah,Jamali,way/560801218,Gardu Induk Rembang,-6.7219999,111.3466635,0.92,osm_fuzzy,,RUPTL-2025-2034,Tabel B4.4
GI-JMB-0326,Pudakpayung,150/20,2,120.0,Jawa Tengah,Jamali,way/581517231,Gardu Induk Pudak Payung,-7.0970638,110.4102769,0.96,osm_fuzzy,,RUPTL-2025-2034,Tabel B4.4
GI-JMB-0327,Purbalingga,150/20,3,180.0,Jawa Tengah,Jamali,way/253654957,Gardu Induk Purbalingga,-7.4426506,109.388186,1.0,osm_fuzzy,,RUPTL-2025-2034,Tabel B4.4
GI-JMB-0328,Purwodadi,150/20,4,210.0,Jawa Tengah,Jamali,way/265568002,Gardu Induk Purwodadi,-7.0883539,110.8986833,1.0,osm_fuzzy,,RUPTL-2025-2034,Tabel B4.4
GI-JMB-0329,Purworejo,150/20,3,150.0,Jawa Tengah,Jamali,way/1051083708,Gardu Induk Purworejo,-7.7507302,109.9641658,1.0,osm_fuzzy,,RUPTL-2025-2034,Tabel B4.4
GI-JMB-0330,Randugarut,150/20,2,120.0,Jawa Tengah,Jamali,way/585619001,Gardu Induk Randugarut,-6.9863567,110.3449557,1.0,osm_fuzzy,,RUPTL-2025-2034,Tabel B4.4
GI-JMB-0331,Rawalo,150/20,2,90.0,Jawa Tengah,Jamali,way/279284589,Gardu Induk Rawalo,-7.5391588,109.1622581,1.0,osm_fuzzy,,RUPTL-2025-2034,Tabel B4.4
GI-JMB-0332,Rayon Utama Makmur,150/20,1,60.0,Jawa Tengah,Jamali,way/1313920103,Gardu Induk Rayon Utama Makmur,-7.7301536,110.9043882,1.0,osm_fuzzy,,RUPTL-2025-2034,Tabel B4.4
GI-JMB-0333,Rembang,150/20,2,120.0,Jawa Tengah,Jamali,way/560801218,Gardu Induk Rembang,-6.7219999,111.3466635,1.0,osm_fuzzy,,RUPTL-2025-2034,Tabel B4.4
GI-JMB-0334,Sanggrahan,150/20,3,180.0,Jawa Tengah,Jamali,way/270800486,Gardu Induk Sanggrahan,-7.4742792,110.2284431,1.0,osm_fuzzy,,RUPTL-2025-2034,Tabel B4.4
GI-JMB-0335,Sayung,150/20,3,180.0,Jawa Tengah,Jamali,way/265568004,Gardu Induk Sayung,-6.9284089,110.5377721,1.0,osm_fuzzy,,RUPTL-2025-2034,Tabel B4.4
GI-JMB-0336,Secang,150/20,2,120.0,Jawa Tengah,Jamali,way/1074225509,Gardu Induk Secang,-7.4162267,110.2340264,1.0,osm_fuzzy,,RUPTL-2025-2034,Tabel B4.4
GI-JMB-0337,Semen Grobogan,150/20,1,60.0,Jawa Tengah,Jamali,way/1187970519,Gardu Induk Semen Grobogan,-7.0880302,110.626768,1.0,osm_fuzzy,,RUPTL-2025-2034,Tabel B4.4
GI-JMB-0338,Semen Indonesia,150/20,1,30.0,Jawa Tengah,Jamali,,,,,0.67,,UNMATCHED,RUPTL-2025-2034,Tabel B4.4
GI-JMB-0339,Semen Nusantara,150/20,2,120.0,Jawa Tengah,Jamali,way/265002740,Gardu Induk Semen Nusantara,-7.6888297,109.025594,1.0,osm_fuzzy,,RUPTL-2025-2034,Tabel B4.4
GI-JMB-0340,Simpanglima,150/20,2,120.0,Jawa Tengah,Jamali,way/569290203,GIS Simpang Lima,-6.9849188,110.4216746,0.96,osm_fuzzy,,RUPTL-2025-2034,Tabel B4.4
GI-JMB-0341,Solobaru,150/20,4,240.0,Jawa Tengah,Jamali,way/104412357,Gardu Induk Solo Baru,-7.6134599,110.8043632,0.94,osm_fuzzy,,RUPTL-2025-2034,Tabel B4.4
GI-JMB-0342,Sragen,150/20,3,180.0,Jawa Tengah,Jamali,way/268865913,Gardu Induk Sragen,-7.4136233,111.0143327,1.0,osm_fuzzy,,RUPTL-2025-2034,Tabel B4.4
GI-JMB-0343,Srondol,150/20,2,92.0,Jawa Tengah,Jamali,,,,,0.5,,UNMATCHED,RUPTL-2025-2034,Tabel B4.4
GI-JMB-0344,Star,150/20,1,60.0,Jawa Tengah,Jamali,way/1188272310,Gardu Induk Star,-7.4373582,109.0699952,1.0,osm_fuzzy,,RUPTL-2025-2034,Tabel B4.4
GI-JMB-0345,Tambaklorok III,150/20,2,120.0,Jawa Tengah,Jamali,way/894351150,PLTGU Tambak Lorok,-6.9503683,110.4323048,1.0,override:osm_plant,,RUPTL-2025-2034,Tabel B4.4
GI-JMB-0346,Tanjung Jati,150/20,1,60.0,Jawa Tengah,Jamali,way/195105324,Gardu Induk Tanjung Jati B,-6.4504459,110.7412384,0.95,osm_fuzzy,,RUPTL-2025-2034,Tabel B4.4
GI-JMB-0347,Tarub,150/20,1,60.0,Jawa Tengah,Jamali,,,,,0.67,,UNMATCHED,RUPTL-2025-2034,Tabel B4.4
GI-JMB-0348,Temanggung,150/20,2,90.0,Jawa Tengah,Jamali,way/1074225507,Gardu Induk Temanggung,-7.2784285,110.1341359,1.0,osm_fuzzy,,RUPTL-2025-2034,Tabel B4.4
GI-JMB-0349,Ungaran,150/20,2,120.0,Jawa Tengah,Jamali,way/166633831,GITET Ungaran,-7.1573634,110.4091933,1.0,osm_fuzzy,,RUPTL-2025-2034,Tabel B4.4
GI-JMB-0350,Ungaran,500/150,3,1500.0,Jawa Tengah,Jamali,way/166633831,GITET Ungaran,-7.1573634,110.4091933,1.0,osm_fuzzy,,RUPTL-2025-2034,Tabel B4.4
GI-JMB-0351,Wadaslintang,150/20,1,60.0,Jawa Tengah,Jamali,way/268532908,Gardu Induk Wadaslintang,-7.6113075,109.7794107,1.0,osm_fuzzy,,RUPTL-2025-2034,Tabel B4.4
GI-JMB-0352,Weleri,150/20,2,120.0,Jawa Tengah,Jamali,way/261185003,Gardu Induk Weleri,-6.9801079,110.0691591,1.0,osm_fuzzy,,RUPTL-2025-2034,Tabel B4.4
GI-JMB-0353,Wonogiri,150/20,2,120.0,Jawa Tengah,Jamali,way/265030533,Gardu Induk Wonogiri,-7.8041972,110.9484829,1.0,osm_fuzzy,,RUPTL-2025-2034,Tabel B4.4
GI-JMB-0354,Wonosari,150/20,3,180.0,Jawa Tengah,Jamali,way/104412331,Gardu Induk Wonosari,-7.6230486,110.7647329,1.0,osm_fuzzy,,RUPTL-2025-2034,Tabel B4.4
GI-JMB-0355,Wonosobo,150/20,2,90.0,Jawa Tengah,Jamali,way/561748478,Gardu Induk Wonosobo,-7.3806084,109.8967539,1.0,osm_fuzzy,,RUPTL-2025-2034,Tabel B4.4
GI-JMB-0356,Bantul,150/20,3,180.0,DIY,Jamali,way/1051083713,Gardu Induk Bantul,-7.8393339,110.3632198,1.0,osm_fuzzy,,RUPTL-2025-2034,Tabel B5.4
GI-JMB-0357,Gejayan,150/20,2,120.0,DIY,Jamali,way/1051083712,Gardu Induk Gejayan,-7.7799016,110.3879825,1.0,osm_fuzzy,,RUPTL-2025-2034,Tabel B5.4
GI-JMB-0358,Godean,150/20,2,120.0,DIY,Jamali,way/268231122,Gardu Induk Godean,-7.7562712,110.3181493,1.0,osm_fuzzy,,RUPTL-2025-2034,Tabel B5.4
GI-JMB-0359,Kentungan,150/20,3,180.0,DIY,Jamali,way/121677176,Gardu Induk Kentungan,-7.7386364,110.3934565,1.0,osm_fuzzy,,RUPTL-2025-2034,Tabel B5.4
GI-JMB-0360,Medari,150/20,3,150.0,DIY,Jamali,way/1191594747,Gardu Induk Medari,-7.6821373,110.3300701,1.0,osm_fuzzy,,RUPTL-2025-2034,Tabel B5.4
GI-JMB-0361,Semanu,150/20,2,120.0,DIY,Jamali,way/1051083716,Gardu Induk Semanu,-7.9861058,110.6274252,1.0,osm_fuzzy,,RUPTL-2025-2034,Tabel B5.4
GI-JMB-0362,Wates,150/20,3,150.0,DIY,Jamali,way/399277121,Gardu Induk Wates,-7.8932619,110.0909582,1.0,osm_fuzzy,,RUPTL-2025-2034,Tabel B5.4
GI-JMB-0363,Wirobrajan,150/20,2,120.0,DIY,Jamali,way/1051083711,Gardu Induk Wirobrajan,-7.8018268,110.3540115,1.0,osm_fuzzy,,RUPTL-2025-2034,Tabel B5.4
GI-JMB-0364,Altaprima,150/20,3,180.0,Jawa Timur,Jamali,way/311980589,Gardu Induk Alta Prima,-7.1951677,112.6370618,0.95,osm_fuzzy,,RUPTL-2025-2034,Tabel B6.4
GI-JMB-0365,Bangkalan,150/20,2,120.0,Jawa Timur,Jamali,way/311666430,Gardu Induk Bangkalan,-7.0571027,112.7932737,1.0,osm_fuzzy,,RUPTL-2025-2034,Tabel B6.4
GI-JMB-0366,Bungah,150/20,1,60.0,Jawa Timur,Jamali,way/1187946053,Gardu Induk Bungah,-7.0930088,112.6000184,1.0,osm_fuzzy,,RUPTL-2025-2034,Tabel B6.4
GI-JMB-0367,Cerme,150/20,3,150.0,Jawa Timur,Jamali,way/311485046,Gardu Induk Cerme,-7.1822019,112.5776503,1.0,osm_fuzzy,,RUPTL-2025-2034,Tabel B6.4
GI-JMB-0368,Gilitimur,150/20,2,60.0,Jawa Timur,Jamali,way/311666431,Gardu Induk Gili Timur,-7.1479769,112.7188946,0.95,osm_fuzzy,,RUPTL-2025-2034,Tabel B6.4
GI-JMB-0369,Guluk-Guluk,150/20,1,60.0,Jawa Timur,Jamali,way/1187946505,Gardu Induk Guluk-Guluk,-7.0659462,113.6858886,1.0,osm_fuzzy,,RUPTL-2025-2034,Tabel B6.4
GI-JMB-0370,Manyar,150/20,4,240.0,Jawa Timur,Jamali,way/695642316,Gardu Induk Manyar,-7.1286653,112.6129559,1.0,osm_fuzzy,,RUPTL-2025-2034,Tabel B6.4
GI-JMB-0371,Manyar,150/70,1,100.0,Jawa Timur,Jamali,way/695642316,Gardu Induk Manyar,-7.1286653,112.6129559,1.0,osm_fuzzy,,RUPTL-2025-2034,Tabel B6.4
GI-JMB-0372,Pamekasan,150/20,2,120.0,Jawa Timur,Jamali,way/311666432,Gardu Induk Pamekasan,-7.1473406,113.4554587,1.0,osm_fuzzy,,RUPTL-2025-2034,Tabel B6.4
GI-JMB-0373,Petrokimia,150/20,3,150.0,Jawa Timur,Jamali,way/311479839,Gardu Induk Petrokimia,-7.1521041,112.6350038,1.0,osm_fuzzy,,RUPTL-2025-2034,Tabel B6.4
GI-JMB-0374,Sambikerep,150/20,2,120.0,Jawa Timur,Jamali,way/452575834,Gardu Induk Sambikerep,-7.2629789,112.643688,1.0,osm_fuzzy,,RUPTL-2025-2034,Tabel B6.4
GI-JMB-0375,Sampang,150/20,2,120.0,Jawa Timur,Jamali,way/311666433,Gardu Induk Sampang,-7.1793718,113.2388356,1.0,osm_fuzzy,,RUPTL-2025-2034,Tabel B6.4
GI-JMB-0376,Segoromadu,150/20,4,240.0,Jawa Timur,Jamali,way/311479840,Gardu Induk Segoromadu,-7.1910154,112.6441444,1.0,osm_fuzzy,,RUPTL-2025-2034,Tabel B6.4
GI-JMB-0377,Segoromadu,150/70,1,50.0,Jawa Timur,Jamali,way/311479840,Gardu Induk Segoromadu,-7.1910154,112.6441444,1.0,osm_fuzzy,,RUPTL-2025-2034,Tabel B6.4
GI-JMB-0378,Sumenep,150/20,2,120.0,Jawa Timur,Jamali,way/311666434,Gardu Induk Sumenep,-7.0089593,113.8357366,1.0,osm_fuzzy,,RUPTL-2025-2034,Tabel B6.4
GI-JMB-0379,Tandes,150/20,5,270.0,Jawa Timur,Jamali,way/311942142,Gardu Induk Tandes,-7.2559257,112.68509,1.0,osm_fuzzy,,RUPTL-2025-2034,Tabel B6.4
GI-JMB-0380,Gresik,500/150,2,1000.0,Jawa Timur,Jamali,way/311479837,GITET Gresik,-7.1663337,112.6606177,1.0,osm_fuzzy,,RUPTL-2025-2034,Tabel B6.4
GI-JMB-0381,Babat,150/20,3,150.0,Jawa Timur,Jamali,way/558257220,Gardu Induk Babat,-7.1232971,112.1474209,1.0,osm_fuzzy,,RUPTL-2025-2034,Tabel B6.4
GI-JMB-0382,Banaran,150/20,3,180.0,Jawa Timur,Jamali,way/265318415,Gardu Induk Banaran,-7.836582,112.0326284,1.0,osm_fuzzy,,RUPTL-2025-2034,Tabel B6.4
GI-JMB-0383,Banaran,150/70,4,310.0,Jawa Timur,Jamali,way/265318415,Gardu Induk Banaran,-7.836582,112.0326284,1.0,osm_fuzzy,,RUPTL-2025-2034,Tabel B6.4
GI-JMB-0384,Bojonegoro,150/20,3,180.0,Jawa Timur,Jamali,way/221265354,Gardu Induk Bojonegoro,-7.1759899,111.8671877,1.0,osm_fuzzy,,RUPTL-2025-2034,Tabel B6.4
GI-JMB-0385,Jatigedong,150/20,1,60.0,Jawa Timur,Jamali,way/1121012065,Gardu Induk Jatigedong,-7.4378165,112.2500116,1.0,osm_fuzzy,,RUPTL-2025-2034,Tabel B6.4
GI-JMB-0386,Jayakertas,150/20,2,120.0,Jawa Timur,Jamali,way/268846132,Gardu Induk Jaya Kertas,-7.6105861,112.0898151,0.95,osm_fuzzy,,RUPTL-2025-2034,Tabel B6.4
GI-JMB-0387,Jombang,150/20,2,120.0,Jawa Timur,Jamali,way/768952111,Gardu Induk Jombang,-7.5389628,112.2085809,1.0,osm_fuzzy,,RUPTL-2025-2034,Tabel B6.4
GI-JMB-0388,Kediri,150/20,2,120.0,Jawa Timur,Jamali,way/265318414,GITET Kediri,-7.8399999,112.0366518,1.0,osm_fuzzy,,RUPTL-2025-2034,Tabel B6.4
GI-JMB-0389,Kertosono,150/20,2,120.0,Jawa Timur,Jamali,way/268846100,Gardu Induk Kertosono,-7.6148983,112.0978296,1.0,osm_fuzzy,,RUPTL-2025-2034,Tabel B6.4
GI-JMB-0390,Kertosono,150/70,2,200.0,Jawa Timur,Jamali,way/268846100,Gardu Induk Kertosono,-7.6148983,112.0978296,1.0,osm_fuzzy,,RUPTL-2025-2034,Tabel B6.4
GI-JMB-0391,Lamongan,150/20,3,180.0,Jawa Timur,Jamali,way/398909625,Gardu Induk Lamongan,-7.1420843,112.4132861,1.0,osm_fuzzy,,RUPTL-2025-2034,Tabel B6.4
GI-JMB-0392,Manisrejo,150/20,2,110.0,Jawa Timur,Jamali,way/268846126,Gardu Induk Manisrejo,-7.6405783,111.5481388,1.0,osm_fuzzy,,RUPTL-2025-2034,Tabel B6.4
GI-JMB-0393,Manisrejo,150/70,3,235.0,Jawa Timur,Jamali,way/268846126,Gardu Induk Manisrejo,-7.6405783,111.5481388,1.0,osm_fuzzy,,RUPTL-2025-2034,Tabel B6.4
GI-JMB-0394,Mliwang,150/20,2,120.0,Jawa Timur,Jamali,way/558257205,Gardu Induk Mliwang,-6.8190853,111.8917729,1.0,osm_fuzzy,,RUPTL-2025-2034,Tabel B6.4
GI-JMB-0395,Newpacitan,150/20,2,120.0,Jawa Timur,Jamali,way/265030532,Gardu Induk Pacitan,-8.1828052,111.1127119,0.92,osm_fuzzy,,RUPTL-2025-2034,Tabel B6.4
GI-JMB-0396,Newponorogo,150/20,2,120.0,Jawa Timur,Jamali,way/270789021,Gardu Induk Ponorogo,-7.8699119,111.493692,0.92,osm_fuzzy,,RUPTL-2025-2034,Tabel B6.4
GI-JMB-0397,Newponorogo,150/70,1,100.0,Jawa Timur,Jamali,way/270789021,Gardu Induk Ponorogo,-7.8699119,111.493692,0.92,osm_fuzzy,,RUPTL-2025-2034,Tabel B6.4
GI-JMB-0398,Newtulungagung,150/20,1,60.0,Jawa Timur,Jamali,way/558289614,Gardu Induk New Tulungagung,-8.0705209,111.9914806,0.97,osm_fuzzy,,RUPTL-2025-2034,Tabel B6.4
GI-JMB-0399,Nganjuk II,150/20,2,120.0,Jawa Timur,Jamali,way/1188149425,Gardu Induk Nganjuk II,-7.6413394,111.8700457,1.0,osm_fuzzy,,RUPTL-2025-2034,Tabel B6.4
GI-JMB-0400,Ngawi,150/20,2,120.0,Jawa Timur,Jamali,way/268831411,Gardu Induk Ngawi,-7.4074015,111.456673,1.0,osm_fuzzy,,RUPTL-2025-2034,Tabel B6.4
GI-JMB-0401,Ngimbang,150/20,1,60.0,Jawa Timur,Jamali,way/398909640,GITET Ngimbang,-7.2879426,112.189255,1.0,osm_fuzzy,,RUPTL-2025-2034,Tabel B6.4
GI-JMB-0402,Paciran,150/20,2,120.0,Jawa Timur,Jamali,way/1187946052,Gardu Induk Paciran,-6.8911786,112.4340955,1.0,osm_fuzzy,,RUPTL-2025-2034,Tabel B6.4
GI-JMB-0403,Tanjungawarawar,150/20,1,40.0,Jawa Timur,Jamali,way/706118077,PLTU Tanjung Awar-Awar,-6.8089608,111.996493,1.0,override:osm_plant,,RUPTL-2025-2034,Tabel B6.4
GI-JMB-0404,Tuban,150/20,3,150.0,Jawa Timur,Jamali,way/558257192,Gardu Induk Tuban 3,-6.8616552,111.9083114,0.95,osm_fuzzy,,RUPTL-2025-2034,Tabel B6.4
GI-JMB-0405,Blitar Baru,70/20,3,90.0,Jawa Timur,Jamali,way/558289610,Gardu Induk Blitar,-8.0738106,112.1859944,0.92,osm_fuzzy,,RUPTL-2025-2034,Tabel B6.4
GI-JMB-0406,Caruban,70/20,2,50.0,Jawa Timur,Jamali,way/268865915,Gardu Induk Caruban,-7.5331041,111.6476194,1.0,osm_fuzzy,,RUPTL-2025-2034,Tabel B6.4
GI-JMB-0407,Dolopo,70/20,1,30.0,Jawa Timur,Jamali,way/1256159510,Gardu Induk Dolopo,-7.746899,111.527401,1.0,osm_fuzzy,,RUPTL-2025-2034,Tabel B6.4
GI-JMB-0408,Dolopo,70/25,1,30.0,Jawa Timur,Jamali,way/1256159510,Gardu Induk Dolopo,-7.746899,111.527401,1.0,osm_fuzzy,,RUPTL-2025-2034,Tabel B6.4
GI-JMB-0409,Magetan,70/20,2,50.0,Jawa Timur,Jamali,way/1195864162,Gardu Induk Magetan,-7.6439487,111.3298131,1.0,osm_fuzzy,,RUPTL-2025-2034,Tabel B6.4
GI-JMB-0410,Mranggen,70/20,2,50.0,Jawa Timur,Jamali,way/558265103,Gardu Induk Mranggen,-7.5882017,111.4377165,1.0,osm_fuzzy,,RUPTL-2025-2034,Tabel B6.4
GI-JMB-0411,Nganjuk,70/20,3,80.0,Jawa Timur,Jamali,way/268831423,Gardu Induk Nganjuk,-7.6111102,111.9127501,1.0,osm_fuzzy,,RUPTL-2025-2034,Tabel B6.4
GI-JMB-0412,Pare,70/20,2,60.0,Jawa Timur,Jamali,way/1188149426,Gardu Induk Pare,-7.8548222,112.1693775,1.0,osm_fuzzy,,RUPTL-2025-2034,Tabel B6.4
GI-JMB-0413,PLTA Tulungagung,70/20,1,30.0,Jawa Timur,Jamali,way/270789018,Gardu Induk Tulungagung,-8.0579255,111.9185767,0.92,osm_fuzzy,,RUPTL-2025-2034,Tabel B6.4
GI-JMB-0414,Trenggalek,70/20,2,60.0,Jawa Timur,Jamali,way/270789024,Gardu Induk Trenggalek,-8.0614461,111.7100733,1.0,osm_fuzzy,,RUPTL-2025-2034,Tabel B6.4
GI-JMB-0415,Tulungagung,70/20,3,80.0,Jawa Timur,Jamali,way/270789018,Gardu Induk Tulungagung,-8.0579255,111.9185767,1.0,osm_fuzzy,,RUPTL-2025-2034,Tabel B6.4
GI-JMB-0416,PLTU Pacitan,150/20,1,60.0,Jawa Timur,Jamali,way/265030532,Gardu Induk Pacitan,-8.1828052,111.1127119,0.92,osm_fuzzy,,RUPTL-2025-2034,Tabel B6.4
GI-JMB-0417,Kediri,500/150,4,2000.0,Jawa Timur,Jamali,way/265318414,GITET Kediri,-7.8399999,112.0366518,1.0,osm_fuzzy,,RUPTL-2025-2034,Tabel B6.4
GI-JMB-0418,Ngimbang,500/150,2,1000.0,Jawa Timur,Jamali,way/398909640,GITET Ngimbang,-7.2879426,112.189255,1.0,osm_fuzzy,,RUPTL-2025-2034,Tabel B6.4
GI-JMB-0419,Balongbendo,150/20,4,240.0,Jawa Timur,Jamali,way/558350692,Gardu Induk Balongbendo,-7.4128967,112.5578116,1.0,osm_fuzzy,,RUPTL-2025-2034,Tabel B6.4
GI-JMB-0420,Bambe,150/20,2,120.0,Jawa Timur,Jamali,way/662675254,Gardu Induk Bambe,-7.3421925,112.664064,1.0,osm_fuzzy,,RUPTL-2025-2034,Tabel B6.4
GI-JMB-0421,Kasihjatim,150/20,2,110.0,Jawa Timur,Jamali,way/398909637,Gardu Induk Kasih Jatim,-7.3481331,112.567246,0.95,osm_fuzzy,,RUPTL-2025-2034,Tabel B6.4
GI-JMB-0422,Kebonagung,150/20,3,180.0,Jawa Timur,Jamali,way/398909635,Gardu Induk Kebonagung,-8.0214043,112.6169953,1.0,osm_fuzzy,,RUPTL-2025-2034,Tabel B6.4
GI-JMB-0423,Kebonagung,150/70,3,300.0,Jawa Timur,Jamali,way/398909635,Gardu Induk Kebonagung,-8.0214043,112.6169953,1.0,osm_fuzzy,,RUPTL-2025-2034,Tabel B6.4
GI-JMB-0424,Lawang,150/20,2,120.0,Jawa Timur,Jamali,way/559356631,Gardu Induk Lawang,-7.8491537,112.6903161,1.0,osm_fuzzy,,RUPTL-2025-2034,Tabel B6.4
GI-JMB-0425,Mojoagung,150/20,3,150.0,Jawa Timur,Jamali,way/268831422,Gardu Induk Mojoagung,-7.5905015,112.3436021,1.0,osm_fuzzy,,RUPTL-2025-2034,Tabel B6.4
GI-JMB-0426,Newwlingi,150/20,1,60.0,Jawa Timur,Jamali,way/558289607,Gardu Induk New Wlingi,-8.068899,112.3153373,0.95,osm_fuzzy,,RUPTL-2025-2034,Tabel B6.4
GI-JMB-0427,Ngoro,150/20,5,270.0,Jawa Timur,Jamali,way/1188232607,Gardu Induk Ngoro,-7.5565676,112.6123492,1.0,osm_fuzzy,,RUPTL-2025-2034,Tabel B6.4
GI-JMB-0428,Pakis,150/20,2,120.0,Jawa Timur,Jamali,way/352100214,Gardu Induk Pakis,-7.9681786,112.6800911,1.0,osm_fuzzy,,RUPTL-2025-2034,Tabel B6.4
GI-JMB-0429,Sekarputih,150/20,4,240.0,Jawa Timur,Jamali,way/558350699,Gardu Induk Sekarputih,-7.4689363,112.4612508,1.0,osm_fuzzy,,RUPTL-2025-2034,Tabel B6.4
GI-JMB-0430,Sekarputih,150/70,5,450.0,Jawa Timur,Jamali,way/558350699,Gardu Induk Sekarputih,-7.4689363,112.4612508,1.0,osm_fuzzy,,RUPTL-2025-2034,Tabel B6.4
GI-JMB-0431,Sengkaling,150/20,2,120.0,Jawa Timur,Jamali,way/227447636,Gardu Induk Sengkaling,-7.9044061,112.5751518,1.0,osm_fuzzy,,RUPTL-2025-2034,Tabel B6.4
GI-JMB-0432,Sengkaling,150/70,2,160.0,Jawa Timur,Jamali,way/227447636,Gardu Induk Sengkaling,-7.9044061,112.5751518,1.0,osm_fuzzy,,RUPTL-2025-2034,Tabel B6.4
GI-JMB-0433,Surabaya Barat,150/20,3,180.0,Jawa Timur,Jamali,way/642402524,PLN UP3 Surabaya Barat,-7.3541514,112.6949722,0.95,osm_fuzzy,,RUPTL-2025-2034,Tabel B6.4
GI-JMB-0434,Wlingi,150/20,1,60.0,Jawa Timur,Jamali,way/558289611,Gardu Induk Wlingi,-8.1424885,112.2470543,1.0,osm_fuzzy,,RUPTL-2025-2034,Tabel B6.4
GI-JMB-0435,Wlingi,150/70,1,100.0,Jawa Timur,Jamali,way/558289611,Gardu Induk Wlingi,-8.1424885,112.2470543,1.0,osm_fuzzy,,RUPTL-2025-2034,Tabel B6.4
GI-JMB-0436,Blimbing,70/20,3,90.0,Jawa Timur,Jamali,way/558911871,Gardu Induk Blimbing,-7.9392027,112.6422237,1.0,osm_fuzzy,,RUPTL-2025-2034,Tabel B6.4
GI-JMB-0437,Karangkates,70/20,2,60.0,Jawa Timur,Jamali,way/262452224,PLTA Sutami,-8.1613555,112.4441829,1.0,override:osm_plant,,RUPTL-2025-2034,Tabel B6.4
GI-JMB-0438,Ploso,70/20,3,90.0,Jawa Timur,Jamali,way/268846118,Gardu Induk Ploso,-7.4727673,112.231223,1.0,osm_fuzzy,,RUPTL-2025-2034,Tabel B6.4
GI-JMB-0439,Polehan,70/20,3,90.0,Jawa Timur,Jamali,way/1188232614,Gardu Induk Polehan,-7.984544,112.6425304,1.0,osm_fuzzy,,RUPTL-2025-2034,Tabel B6.4
GI-JMB-0440,Selorejo,70/20,1,20.0,Jawa Timur,Jamali,way/284137273,PLTA Selorejo,-7.8733171,112.3518016,1.0,override:osm_plant,,RUPTL-2025-2034,Tabel B6.4
GI-JMB-0441,Sengguruh,70/20,2,60.0,Jawa Timur,Jamali,way/894351126,PLTA Sengguruh,-8.1837248,112.5491911,1.0,override:osm_plant,,RUPTL-2025-2034,Tabel B6.4
GI-JMB-0442,Siman,70/20,1,30.0,Jawa Timur,Jamali,,,,,0.83,,UNMATCHED,RUPTL-2025-2034,Tabel B6.4
GI-JMB-0443,Tarik,70/20,3,70.0,Jawa Timur,Jamali,way/558350694,Gardu Induk Tarik,-7.4594712,112.4972413,1.0,osm_fuzzy,,RUPTL-2025-2034,Tabel B6.4
GI-JMB-0444,Turen,70/20,3,90.0,Jawa Timur,Jamali,way/1188232603,Gardu Induk Turen,-8.1720466,112.6870038,1.0,osm_fuzzy,,RUPTL-2025-2034,Tabel B6.4
GI-JMB-0445,Wlingi,70/20,1,30.0,Jawa Timur,Jamali,way/558289611,Gardu Induk Wlingi,-8.1424885,112.2470543,1.0,osm_fuzzy,,RUPTL-2025-2034,Tabel B6.4
GI-JMB-0446,Driyorejo,150/20,4,240.0,Jawa Timur,Jamali,way/398909639,Gardu Induk Driyorejo,-7.3687406,112.5998469,1.0,osm_fuzzy,,RUPTL-2025-2034,Tabel B6.4
GI-JMB-0447,Driyorejo,150/70,2,150.0,Jawa Timur,Jamali,way/398909639,Gardu Induk Driyorejo,-7.3687406,112.5998469,1.0,osm_fuzzy,,RUPTL-2025-2034,Tabel B6.4
GI-JMB-0448,Karangpilang,150/20,2,120.0,Jawa Timur,Jamali,way/311963427,GIS Karangpilang,-7.3263689,112.650998,1.0,osm_fuzzy,,RUPTL-2025-2034,Tabel B6.4
GI-JMB-0449,Krian,500/150,5,2500.0,Jawa Timur,Jamali,way/265568001,GITET Krian,-7.3448845,112.6032308,1.0,osm_fuzzy,,RUPTL-2025-2034,Tabel B6.4
GI-JMB-0450,Banyuwangi,150/20,4,180.0,Jawa Timur,Jamali,way/186337693,Gardu Induk Banyuwangi,-8.1887912,114.3555199,1.0,osm_fuzzy,,RUPTL-2025-2034,Tabel B6.4
GI-JMB-0451,Bondowoso,150/20,2,120.0,Jawa Timur,Jamali,way/398892599,Gardu Induk Bondowoso,-7.9376566,113.8334736,1.0,osm_fuzzy,,RUPTL-2025-2034,Tabel B6.4
GI-JMB-0452,Bulukandang,150/20,2,120.0,Jawa Timur,Jamali,way/1188232611,Gardu Induk Bulukandang,-7.700547,112.6875964,1.0,osm_fuzzy,,RUPTL-2025-2034,Tabel B6.4
GI-JMB-0453,Bumicokro,150/20,3,180.0,Jawa Timur,Jamali,way/340978685,Gardu Induk Bumi Cokro,-7.6058168,112.7245721,0.95,osm_fuzzy,,RUPTL-2025-2034,Tabel B6.4
GI-JMB-0454,Genteng,150/20,3,180.0,Jawa Timur,Jamali,way/886946447,Gardu Induk Genteng,-8.3868442,114.1640197,1.0,osm_fuzzy,,RUPTL-2025-2034,Tabel B6.4
GI-JMB-0455,Gondangwetan,150/20,3,180.0,Jawa Timur,Jamali,way/311957671,Gardu Induk Gondang Wetan,-7.68754,112.8957209,0.96,osm_fuzzy,,RUPTL-2025-2034,Tabel B6.4
GI-JMB-0456,Grati,150/20,1,60.0,Jawa Timur,Jamali,way/340978681,GITET Grati,-7.6540006,113.0242632,1.0,osm_fuzzy,,RUPTL-2025-2034,Tabel B6.4
GI-JMB-0457,Jember,150/20,4,240.0,Jawa Timur,Jamali,way/157804728,Gardu Induk Jember,-8.1928341,113.6981551,1.0,osm_fuzzy,,RUPTL-2025-2034,Tabel B6.4
GI-JMB-0458,KIS,150/20,1,60.0,Jawa Timur,Jamali,way/1000266306,Gardu Induk KIS,-7.545281,112.7715772,1.0,osm_fuzzy,,RUPTL-2025-2034,Tabel B6.4
GI-JMB-0459,Kraksaan,150/20,2,120.0,Jawa Timur,Jamali,way/340963798,Gardu Induk Kraksaan,-7.7796234,113.4268628,1.0,osm_fuzzy,,RUPTL-2025-2034,Tabel B6.4
GI-JMB-0460,Lumajang,150/20,3,180.0,Jawa Timur,Jamali,way/198149824,Gardu Induk Lumajang,-8.1285868,113.2125297,1.0,osm_fuzzy,,RUPTL-2025-2034,Tabel B6.4
GI-JMB-0461,New Pandaan,150/20,2,120.0,Jawa Timur,Jamali,way/1086210924,Gardu Induk Pandaan,-7.6386798,112.7022268,0.92,osm_fuzzy,,RUPTL-2025-2034,Tabel B6.4
GI-JMB-0462,New Porong,150/20,1,60.0,Jawa Timur,Jamali,way/689349043,Gardu Induk New Porong,-7.5658319,112.7059051,1.0,osm_fuzzy,,RUPTL-2025-2034,Tabel B6.4
GI-JMB-0463,Paiton,150/20,1,40.0,Jawa Timur,Jamali,way/299352934,GITET Paiton,-7.7185419,113.581316,1.0,osm_fuzzy,,RUPTL-2025-2034,Tabel B6.4
GI-JMB-0464,Pier,150/20,2,120.0,Jawa Timur,Jamali,way/558587139,Gardu Induk PIER,-7.6280055,112.8136468,1.0,osm_fuzzy,,RUPTL-2025-2034,Tabel B6.4
GI-JMB-0465,Probolinggo,150/20,3,170.0,Jawa Timur,Jamali,way/340947951,Gardu Induk Probolinggo,-7.764306,113.2129987,1.0,osm_fuzzy,,RUPTL-2025-2034,Tabel B6.4
GI-JMB-0466,Puger,150/20,1,60.0,Jawa Timur,Jamali,way/1066218469,Gardu Induk Puger,-8.3428726,113.4946865,1.0,osm_fuzzy,,RUPTL-2025-2034,Tabel B6.4
GI-JMB-0467,Purwosari,150/20,2,120.0,Jawa Timur,Jamali,way/398972213,Gardu Induk Purwosari,-7.7681915,112.7600324,1.0,osm_fuzzy,,RUPTL-2025-2034,Tabel B6.4
GI-JMB-0468,Situbondo,150/20,3,140.0,Jawa Timur,Jamali,way/189064370,Gardu Induk Situbondo,-7.7172192,114.0187725,1.0,osm_fuzzy,,RUPTL-2025-2034,Tabel B6.4
GI-JMB-0469,Tanggul,150/20,3,180.0,Jawa Timur,Jamali,way/1066218472,Gardu Induk Tanggul,-8.1774329,113.4510308,1.0,osm_fuzzy,,RUPTL-2025-2034,Tabel B6.4
GI-JMB-0470,Sukorejo,70/20,1,30.0,Jawa Timur,Jamali,way/1188232613,Gardu Induk Sukorejo,-7.7396534,112.7280314,1.0,osm_fuzzy,,RUPTL-2025-2034,Tabel B6.4
GI-JMB-0471,Bangil,150/20,2,120.0,Jawa Timur,Jamali,way/340978671,Gardu Induk Bangil,-7.6037974,112.7762847,1.0,osm_fuzzy,,RUPTL-2025-2034,Tabel B6.4
GI-JMB-0472,Bangil,150/70,2,160.0,Jawa Timur,Jamali,way/340978671,Gardu Induk Bangil,-7.6037974,112.7762847,1.0,osm_fuzzy,,RUPTL-2025-2034,Tabel B6.4
GI-JMB-0473,Paiton,500/150,3,1500.0,Jawa Timur,Jamali,way/299352934,GITET Paiton,-7.7185419,113.581316,1.0,osm_fuzzy,,RUPTL-2025-2034,Tabel B6.4
GI-JMB-0474,Grati,500/150,3,1500.0,Jawa Timur,Jamali,way/340978681,GITET Grati,-7.6540006,113.0242632,1.0,osm_fuzzy,,RUPTL-2025-2034,Tabel B6.4
GI-JMB-0475,Babadan,150/20,3,170.0,Jawa Timur,Jamali,way/662693060,Gardu Induk Babadan,-7.3889367,112.6753226,1.0,osm_fuzzy,,RUPTL-2025-2034,Tabel B6.4
GI-JMB-0476,Buduran,150/20,1,60.0,Jawa Timur,Jamali,way/340978673,Gardu Induk Buduran,-7.422985,112.721433,1.0,osm_fuzzy,,RUPTL-2025-2034,Tabel B6.4
GI-JMB-0477,Buduran,150/70,2,200.0,Jawa Timur,Jamali,way/340978673,Gardu Induk Buduran,-7.422985,112.721433,1.0,osm_fuzzy,,RUPTL-2025-2034,Tabel B6.4
GI-JMB-0478,Kalisari,150/20,1,60.0,Jawa Timur,Jamali,way/1050052948,Gardu Induk Kalisari,-7.2702838,112.7975629,1.0,osm_fuzzy,,RUPTL-2025-2034,Tabel B6.4
GI-JMB-0479,Kenjeran,150/20,3,170.0,Jawa Timur,Jamali,way/311432987,Gardu Induk Kenjeran,-7.2549265,112.7713769,1.0,osm_fuzzy,,RUPTL-2025-2034,Tabel B6.4
GI-JMB-0480,Perak,150/20,1,60.0,Jawa Timur,Jamali,way/558587150,Gardu Induk Perak,-7.2084732,112.7226485,1.0,osm_fuzzy,,RUPTL-2025-2034,Tabel B6.4
GI-JMB-0481,Rungkut,150/20,5,300.0,Jawa Timur,Jamali,way/311432988,Gardu Induk Rungkut,-7.34124,112.7464057,1.0,osm_fuzzy,,RUPTL-2025-2034,Tabel B6.4
GI-JMB-0482,Sedati,150/20,2,120.0,Jawa Timur,Jamali,way/585076415,Gardu Induk Sedati,-7.3954237,112.7619281,1.0,osm_fuzzy,,RUPTL-2025-2034,Tabel B6.4
GI-JMB-0483,Sidoarjo,150/20,2,120.0,Jawa Timur,Jamali,way/1311582628,Gardu Induk Sidoarjo,-7.4956032,112.7001384,1.0,osm_fuzzy,,RUPTL-2025-2034,Tabel B6.4
GI-JMB-0484,Sukolilo,150/20,4,240.0,Jawa Timur,Jamali,way/311432989,Gardu Induk Sukolilo,-7.2912313,112.7700935,1.0,osm_fuzzy,,RUPTL-2025-2034,Tabel B6.4
GI-JMB-0485,Surabaya Selatan,150/20,3,180.0,Jawa Timur,Jamali,way/119360808,Gardu Induk Surabaya Selatan,-7.3082801,112.810791,1.0,osm_fuzzy,,RUPTL-2025-2034,Tabel B6.4
GI-JMB-0486,Buduran,70/20,1,30.0,Jawa Timur,Jamali,way/340978673,Gardu Induk Buduran,-7.422985,112.721433,1.0,osm_fuzzy,,RUPTL-2025-2034,Tabel B6.4
GI-JMB-0487,Buduran,150/20,3,180.0,Jawa Timur,Jamali,way/340978673,Gardu Induk Buduran,-7.422985,112.721433,1.0,osm_fuzzy,,RUPTL-2025-2034,Tabel B6.4
GI-JMB-0488,Darmogrande,150/20,3,180.0,Jawa Timur,Jamali,way/311963425,Gardu Induk Darmogrande,-7.2882327,112.6744149,1.0,osm_fuzzy,,RUPTL-2025-2034,Tabel B6.4
GI-JMB-0489,Gembong,150/20,1,60.0,Jawa Timur,Jamali,way/1316553966,GIS Gembong,-7.241521,112.7502789,1.0,osm_fuzzy,,RUPTL-2025-2034,Tabel B6.4
GI-JMB-0490,Gunung Sari,150/20,2,120.0,Jawa Timur,Jamali,way/1213863960,GIS Gunungsari,-7.3034147,112.7071752,0.95,osm_fuzzy,,RUPTL-2025-2034,Tabel B6.4
GI-JMB-0491,Kedinding,150/20,1,60.0,Jawa Timur,Jamali,way/1050052945,Gardu Induk Kedinding,-7.2229071,112.7815341,1.0,osm_fuzzy,,RUPTL-2025-2034,Tabel B6.4
GI-JMB-0492,Krembangan,150/20,3,170.0,Jawa Timur,Jamali,way/558587153,GIS Krembangan,-7.2286916,112.7216188,1.0,osm_fuzzy,,RUPTL-2025-2034,Tabel B6.4
GI-JMB-0493,Kupang,150/20,2,120.0,Jawa Timur,Jamali,way/1316553967,GIS Kupang,-7.2685146,112.7355097,1.0,osm_fuzzy,,RUPTL-2025-2034,Tabel B6.4
GI-JMB-0494,Ngagel,150/20,2,120.0,Jawa Timur,Jamali,way/1316553968,GIS Ngagel,-7.2878641,112.7494164,1.0,osm_fuzzy,,RUPTL-2025-2034,Tabel B6.4
GI-JMB-0495,Sawahan,150/20,2,110.0,Jawa Timur,Jamali,way/558587156,GIS Sawahan,-7.254851,112.7136802,1.0,osm_fuzzy,,RUPTL-2025-2034,Tabel B6.4
GI-JMB-0496,Simpang,150/20,2,110.0,Jawa Timur,Jamali,way/714949081,GIS Simpang,-7.2644502,112.751445,1.0,osm_fuzzy,,RUPTL-2025-2034,Tabel B6.4
GI-JMB-0497,Ujung,150/20,2,60.0,Jawa Timur,Jamali,way/558587149,Gardu Induk Ujung,-7.2100236,112.7441726,1.0,osm_fuzzy,,RUPTL-2025-2034,Tabel B6.4
GI-JMB-0498,Undaan,150/20,2,120.0,Jawa Timur,Jamali,way/1316553965,GIS Undaan,-7.2547303,112.7425068,1.0,osm_fuzzy,,RUPTL-2025-2034,Tabel B6.4
GI-JMB-0499,Waru,150/20,5,290.0,Jawa Timur,Jamali,way/166644946,Gardu Induk Waru,-7.3477513,112.7080811,1.0,osm_fuzzy,,RUPTL-2025-2034,Tabel B6.4
GI-JMB-0500,Waru,150/70,2,139.0,Jawa Timur,Jamali,way/166644946,Gardu Induk Waru,-7.3477513,112.7080811,1.0,osm_fuzzy,,RUPTL-2025-2034,Tabel B6.4
GI-JMB-0501,Wonokromo,150/20,3,180.0,Jawa Timur,Jamali,way/1316553969,GIS Wonokromo,-7.3025386,112.7408629,1.0,osm_fuzzy,,RUPTL-2025-2034,Tabel B6.4
GI-JMB-0502,Amlapura,150/20,2,120.0,Bali,Jamali,way/204784332,Gardu Induk Amlapura,-8.4481405,115.5878436,1.0,osm_fuzzy,,RUPTL-2025-2034,Tabel B7.4
GI-JMB-0503,Antosari,150/20,2,120.0,Bali,Jamali,way/453601335,Gardu Induk Antosari,-8.5163811,115.0148094,1.0,osm_fuzzy,,RUPTL-2025-2034,Tabel B7.4
GI-JMB-0504,Bandara Ngurah Rai,150/20,2,120.0,Bali,Jamali,way/239759322,GIS Bandara Ngurah Rai,-8.7541246,115.1707257,1.0,osm_fuzzy,,RUPTL-2025-2034,Tabel B7.4
GI-JMB-0505,Baturiti,150/20,2,90.0,Bali,Jamali,way/185683916,Gardu Induk Baturiti,-8.257739,115.1610142,1.0,osm_fuzzy,,RUPTL-2025-2034,Tabel B7.4
GI-JMB-0506,Celukan Bawang,150/20,1,60.0,Bali,Jamali,way/493218545,PLTU Celukan Bawang,-8.1974788,114.8536333,1.0,override:osm_plant,,RUPTL-2025-2034,Tabel B7.4
GI-JMB-0507,Gianyar,150/20,3,150.0,Bali,Jamali,way/339792673,Gardu Induk Gianyar,-8.5618733,115.3346076,1.0,osm_fuzzy,,RUPTL-2025-2034,Tabel B7.4
GI-JMB-0508,Gilimanuk,150/20,2,90.0,Bali,Jamali,way/192989828,Gardu Induk Gilimanuk,-8.174874,114.4416848,1.0,osm_fuzzy,,RUPTL-2025-2034,Tabel B7.4
GI-JMB-0509,Kapal,150/20,4,240.0,Bali,Jamali,way/339792684,Gardu Induk Kapal,-8.5825929,115.1823059,1.0,osm_fuzzy,,RUPTL-2025-2034,Tabel B7.4
GI-JMB-0510,Kubu,150/20,1,60.0,Bali,Jamali,way/1297285206,Gardu Induk Kubu,-8.2037849,115.497912,1.0,osm_fuzzy,,RUPTL-2025-2034,Tabel B7.4
GI-JMB-0511,Negara,150/20,2,60.0,Bali,Jamali,way/453598224,Gardu Induk Negara,-8.3643071,114.6604167,1.0,osm_fuzzy,,RUPTL-2025-2034,Tabel B7.4
GI-JMB-0512,Nusadua,150/20,3,180.0,Bali,Jamali,way/570847621,Gardu Induk Nusa Dua,-8.7974313,115.2221986,0.93,osm_fuzzy,,RUPTL-2025-2034,Tabel B7.4
GI-JMB-0513,Padang Sambian,150/20,3,180.0,Bali,Jamali,way/339792685,Gardu Induk Padang Sambian,-8.66671,115.18672,1.0,osm_fuzzy,,RUPTL-2025-2034,Tabel B7.4
GI-JMB-0514,Payangan,150/20,2,120.0,Bali,Jamali,way/339792680,Gardu Induk Payangan,-8.4437349,115.2418723,1.0,osm_fuzzy,,RUPTL-2025-2034,Tabel B7.4
GI-JMB-0515,Pecatu,150/20,2,120.0,Bali,Jamali,way/1207218647,GIS Pecatu,-8.8199045,115.141764,1.0,osm_fuzzy,,RUPTL-2025-2034,Tabel B7.4
GI-JMB-0516,Pemaron,150/20,2,120.0,Bali,Jamali,way/339802233,Pemaron,-8.1362077,115.0598573,1.0,osm_fuzzy,,RUPTL-2025-2034,Tabel B7.4
GI-JMB-0517,Pemecutan Kelod,150/20,4,240.0,Bali,Jamali,way/340152021,Gardu Induk Pemecutan Kelod,-8.6899883,115.1889171,1.0,osm_fuzzy,,RUPTL-2025-2034,Tabel B7.4
GI-JMB-0518,Pesanggaran,150/20,3,180.0,Bali,Jamali,way/186634762,Gardu Induk Pesanggaran,-8.718465,115.2109985,1.0,osm_fuzzy,,RUPTL-2025-2034,Tabel B7.4
GI-JMB-0519,Sanur,150/20,4,240.0,Bali,Jamali,way/311862991,Gardu Induk Sanur,-8.6748353,115.2529902,1.0,osm_fuzzy,,RUPTL-2025-2034,Tabel B7.4
GI-JMB-0520,Tanah Lot,150/20,2,120.0,Bali,Jamali,way/1039231666,Gas Insulated Switchgear Tanah Lot,-8.5868142,115.1019199,0.95,osm_fuzzy,,RUPTL-2025-2034,Tabel B7.4
